Creditability,Account Balance,Duration of Credit (month),Payment Status of Previous Credit,Purpose,Credit Amount,Value Savings/Stocks,Length of current employment,Instalment per cent,Sex & Marital Status,Guarantors,Duration in Current address,Most valuable available asset,Age (years),Concurrent Credits,Type of apartment,No of Credits at this Bank,Occupation,No of dependents,Telephone,Foreign Worker
1,-500,18,4,2,1049,50,0.5,4,2,1,4,2,21,3,1,1,3,1,1,1
1,-500,9,4,0,2799,50,2.5,2,3,1,2,1,36,3,1,2,3,2,1,1
1,100,12,2,9,841,300,5.5,2,2,1,4,1,23,3,1,1,2,1,1,1
1,-500,12,4,0,2122,50,2.5,3,3,1,2,1,39,3,1,2,2,2,1,2
1,-500,12,4,0,2171,50,2.5,4,3,1,4,2,38,1,2,2,2,1,1,2
1,-500,10,4,0,2241,50,0.5,1,3,1,3,1,48,3,1,2,2,2,1,2
1,-500,8,4,0,3398,50,5.5,1,3,1,4,1,39,3,2,2,2,1,1,2
1,-500,6,4,0,1361,50,0.5,2,3,1,4,1,40,3,2,1,2,2,1,2
1,0,18,4,3,1098,50,-1.0,4,2,1,4,3,65,3,2,2,1,1,1,1
1,100,24,2,3,3758,200,-1.0,1,2,1,4,4,23,3,1,1,1,1,1,1
1,-500,11,4,0,3905,50,2.5,2,3,1,2,1,36,3,1,2,3,2,1,1
1,-500,30,4,1,6187,300,5.5,1,4,1,4,3,24,3,1,2,3,1,1,1
1,-500,6,4,3,1957,50,5.5,1,2,1,4,3,31,3,2,1,3,1,1,1
1,100,48,3,10,7582,300,-1.0,2,3,1,4,4,31,3,2,1,4,1,2,1
1,-500,18,2,3,1936,-1,5.5,2,4,1,4,3,23,3,1,2,2,1,1,1
1,-500,6,2,3,2647,200,2.5,2,3,1,3,1,44,3,1,1,3,2,1,1
1,-500,11,4,0,3939,50,2.5,1,3,1,2,1,40,3,2,2,2,2,1,1
1,100,18,2,3,3213,200,0.5,1,4,1,3,1,25,3,1,1,3,1,1,1
1,100,36,4,3,2337,50,-8.5,4,3,1,4,1,36,3,2,1,3,1,1,1
1,0,11,4,0,7228,50,2.5,1,3,1,4,2,39,3,2,2,2,1,1,1
1,-500,6,4,0,3676,50,2.5,1,3,1,3,1,37,3,1,3,3,2,1,1
1,100,12,4,0,3124,50,0.5,1,3,1,3,1,49,1,2,2,2,2,1,1
0,100,36,2,5,2384,50,0.5,4,3,1,1,4,33,3,1,1,2,1,1,1
1,100,12,4,4,1424,50,5.5,4,3,1,3,2,26,3,2,1,3,1,1,1
1,-500,6,4,0,4716,-1,0.5,1,3,1,3,1,44,3,2,2,2,2,1,1
1,100,11,3,3,4771,50,5.5,2,3,1,4,2,51,3,2,1,3,1,1,1
1,-500,12,2,2,652,50,-8.5,4,2,1,4,2,24,3,1,1,3,1,1,1
1,100,9,4,3,1154,50,-8.5,2,3,1,4,1,37,3,2,3,2,1,1,1
1,0,15,2,0,3556,-1,2.5,3,3,1,2,4,29,3,2,1,3,1,1,1
1,500,42,4,1,4796,50,-8.5,4,3,1,4,4,56,3,3,1,3,1,1,1
1,500,30,4,3,3017,50,-8.5,4,3,1,4,2,47,3,2,1,3,1,1,1
1,0,36,4,0,3535,50,5.5,4,3,1,4,3,37,3,2,2,3,1,2,1
1,0,36,4,0,6614,50,-8.5,4,3,1,4,3,34,3,2,2,4,1,2,1
1,0,24,2,3,1376,200,5.5,4,2,1,1,3,28,3,2,1,3,1,1,1
1,-500,15,2,0,1721,50,0.5,2,3,1,3,1,36,3,2,1,3,1,1,1
1,-500,6,4,0,860,50,-8.5,1,2,1,4,4,39,3,2,2,3,1,2,1
1,0,12,4,0,1495,50,-8.5,4,3,1,1,1,38,3,2,2,2,2,1,1
1,0,12,4,3,1934,50,-8.5,2,3,1,2,4,26,3,2,2,3,1,1,1
1,0,18,2,1,3378,-1,2.5,2,3,1,1,2,31,3,2,1,3,1,2,1
1,0,24,4,1,3868,50,-8.5,4,2,1,2,3,41,3,1,2,4,1,2,1
1,0,12,4,5,996,-1,5.5,4,2,1,4,1,23,3,2,2,3,1,1,1
1,-500,24,2,10,1755,50,-8.5,4,2,3,4,1,58,3,2,1,2,1,2,1
1,0,18,4,0,1028,50,2.5,4,2,1,3,1,36,3,2,2,3,1,1,1
1,100,24,4,9,2825,-1,5.5,4,3,1,3,4,34,3,2,2,3,2,2,1
1,100,18,2,6,1239,-1,2.5,4,3,1,4,4,61,3,3,1,3,1,1,1
0,-500,18,2,0,1216,50,0.5,4,2,1,3,3,23,3,1,1,3,1,2,1
1,0,24,2,9,1258,50,5.5,4,3,1,1,1,25,3,2,1,3,1,2,1
0,0,18,4,6,1864,300,2.5,4,2,1,2,1,30,3,2,2,3,1,1,1
1,0,24,2,0,1474,300,0.5,4,4,1,3,1,33,3,2,1,3,1,2,1
1,-500,24,4,9,1382,300,5.5,4,3,1,1,1,26,3,2,2,3,1,2,1
1,0,12,2,0,640,50,2.5,4,1,1,2,1,49,3,2,1,2,1,1,1
1,500,36,2,3,3919,50,2.5,2,3,1,2,1,23,3,2,1,3,1,2,1
1,0,9,4,0,1224,50,2.5,3,3,1,1,1,30,3,2,2,3,1,1,1
1,0,12,4,3,2331,-1,-8.5,1,3,2,4,1,49,3,2,1,3,1,2,1
1,0,24,2,1,6313,-1,-8.5,3,3,1,4,3,41,3,2,1,4,2,2,1
1,-500,12,4,3,385,50,5.5,4,2,1,3,1,58,3,2,4,2,1,2,1
1,0,12,4,3,1655,50,-8.5,2,3,1,4,1,63,3,2,2,2,1,2,1
1,-500,15,2,3,1053,50,0.5,4,4,1,2,1,27,3,2,1,3,1,1,2
1,0,21,2,3,3160,-1,-8.5,4,3,1,3,2,41,3,2,1,3,1,2,1
1,0,36,2,0,3079,-1,2.5,4,3,1,4,1,36,3,2,1,3,1,1,1
1,0,12,4,0,1163,200,2.5,4,3,1,4,1,44,3,2,1,3,1,2,1
1,0,24,2,1,2679,50,0.5,4,2,1,1,4,29,3,2,1,4,1,2,1
1,0,48,4,3,3578,-1,-8.5,4,3,1,1,1,47,3,2,1,3,1,2,1
1,0,36,3,0,10875,50,-8.5,2,3,1,2,3,45,3,2,2,3,2,2,1
1,-500,12,3,0,1344,50,2.5,4,3,1,2,1,43,3,2,2,2,2,1,1
1,0,6,4,3,1237,300,2.5,1,2,1,1,2,27,3,2,2,3,1,1,1
1,0,12,2,3,3077,50,2.5,2,3,1,4,3,52,3,2,1,3,1,2,1
1,0,24,2,3,2284,50,5.5,4,3,1,2,3,28,3,2,1,3,1,2,1
1,100,12,2,3,1567,50,2.5,1,2,1,1,3,22,3,2,1,3,1,2,1
1,0,24,3,0,2032,50,-8.5,4,3,1,4,4,60,3,3,2,3,1,2,1
1,100,21,4,2,2745,750,5.5,3,3,1,2,3,32,3,2,2,3,1,2,1
1,0,30,2,3,1867,-1,-8.5,4,3,1,4,3,58,3,2,1,3,1,2,1
1,0,36,2,3,2299,200,-8.5,4,3,1,4,3,39,3,2,1,3,1,1,1
1,0,24,2,2,929,-1,5.5,4,3,1,2,3,31,2,2,1,3,1,2,1
1,500,12,2,3,3399,-1,-8.5,2,3,1,3,3,37,3,2,1,4,1,1,1
1,100,9,2,2,2030,-1,5.5,2,3,1,1,3,24,3,2,1,3,1,2,1
1,0,21,4,1,3275,50,-8.5,1,3,1,4,3,36,3,2,1,4,1,2,1
1,0,24,4,0,1940,750,-8.5,4,3,1,4,1,60,3,2,1,3,1,2,1
1,-500,21,4,0,1602,50,-8.5,4,4,1,3,3,30,3,2,2,3,1,2,1
1,0,15,2,3,1979,-1,-8.5,4,3,1,2,3,35,3,2,1,3,1,1,1
1,0,24,4,0,2022,50,2.5,4,2,1,4,3,37,3,2,1,3,1,2,1
1,0,36,4,3,3342,-1,-8.5,4,3,1,2,3,51,3,2,1,3,1,2,1
1,100,18,2,0,5866,300,2.5,2,3,1,2,3,30,3,2,2,3,1,2,1
1,500,15,4,1,2360,200,2.5,2,3,1,2,3,36,3,2,1,3,1,2,1
1,0,15,4,2,1520,-1,-8.5,4,3,1,4,2,63,3,2,1,3,1,1,1
1,-500,12,2,0,3651,750,2.5,1,3,1,3,2,31,3,2,1,3,2,1,1
1,0,24,4,1,2346,50,5.5,4,3,1,3,3,35,3,2,2,3,1,2,1
1,0,36,3,3,4454,50,2.5,4,2,1,4,1,34,3,2,2,3,1,1,1
1,-500,6,4,0,666,750,5.5,3,2,1,4,1,39,3,2,2,2,1,2,1
1,100,24,3,0,1965,-1,2.5,4,2,1,4,3,42,3,1,2,3,1,2,1
1,100,12,4,0,1995,300,0.5,4,3,1,1,3,27,3,2,1,3,1,1,1
1,100,30,2,3,2991,-1,-8.5,2,2,1,4,3,25,3,2,1,3,1,1,1
1,100,30,0,9,4221,50,2.5,2,2,1,1,3,28,3,2,2,3,1,1,1
1,-500,9,2,3,1364,50,5.5,3,3,1,4,1,59,3,2,1,3,1,1,1
1,100,18,4,2,6361,50,-8.5,2,3,1,1,4,41,3,2,1,3,1,2,1
1,0,27,4,2,4526,750,0.5,4,3,1,2,1,32,2,2,2,2,2,2,1
1,100,12,4,3,3573,50,2.5,1,2,1,1,1,23,3,2,1,2,1,1,1
0,100,36,3,9,4455,50,2.5,2,1,1,2,1,30,2,2,2,4,1,2,1
1,-500,9,2,2,2136,50,2.5,3,3,1,2,1,25,3,2,1,3,1,1,1
1,100,42,4,9,5954,50,5.5,2,2,1,1,1,41,1,2,2,2,1,1,1
1,0,24,4,2,3777,750,2.5,4,3,1,4,1,40,3,2,1,3,1,2,1
1,-500,15,2,9,806,50,2.5,4,2,1,4,2,22,3,2,1,2,1,1,1
1,100,24,3,9,4712,-1,2.5,4,3,1,2,2,34,1,2,2,4,1,2,1
1,100,36,3,0,7432,50,2.5,2,2,1,2,2,54,3,1,1,3,1,1,1
1,0,24,4,3,1851,50,5.5,4,4,3,2,3,33,3,2,2,3,1,2,1
1,0,24,2,0,1393,50,2.5,2,3,3,2,1,31,3,2,1,3,1,2,1
1,0,12,4,9,1412,50,2.5,4,2,3,2,1,29,3,2,2,4,1,2,1
1,0,18,2,3,1473,50,0.5,3,4,1,4,1,39,3,2,1,3,1,2,1
1,0,24,2,3,1533,50,0.5,4,2,1,3,3,38,2,2,1,3,1,2,1
1,0,12,4,6,2012,-1,5.5,4,2,1,2,3,61,3,2,1,3,1,1,1
0,-500,15,2,0,3959,50,2.5,3,2,1,2,2,29,3,2,1,3,1,2,1
1,-500,6,2,2,428,50,-8.5,2,2,1,1,2,49,1,2,1,3,1,2,1
1,100,12,4,0,2366,200,5.5,3,1,1,3,3,36,3,2,1,4,1,2,1
1,0,12,2,2,763,50,2.5,4,2,1,1,1,26,3,2,1,3,1,2,1
1,100,21,2,2,3976,-1,5.5,2,3,1,3,3,35,3,2,1,3,1,2,1
1,100,18,2,0,6260,50,5.5,3,3,1,3,1,28,3,1,1,2,1,1,1
1,100,9,4,2,1919,50,5.5,4,3,1,3,3,35,3,1,1,3,1,2,1
1,0,24,2,1,2603,750,2.5,2,2,1,4,3,28,3,1,1,3,1,2,1
1,0,9,4,6,936,200,-8.5,4,3,1,2,3,52,3,2,2,3,1,2,1
1,0,24,2,2,3062,200,-8.5,4,3,1,3,4,32,3,1,1,3,1,2,1
1,100,36,2,3,4795,50,0.5,4,2,1,1,4,30,3,2,1,4,1,2,1
1,0,36,4,1,5842,50,-8.5,2,3,1,2,2,35,3,2,2,3,2,2,1
1,100,6,2,3,2063,50,0.5,4,4,1,3,3,30,3,1,1,4,1,2,1
1,0,15,4,3,1459,50,2.5,4,2,1,2,3,43,3,2,1,2,1,1,1
1,0,15,2,3,1213,200,-8.5,4,3,1,3,2,47,2,2,1,3,1,2,1
1,0,24,4,3,5103,50,0.5,3,4,1,3,4,47,3,3,3,3,1,2,1
1,0,15,2,4,874,-1,0.5,4,2,1,1,1,24,3,2,1,3,1,1,1
1,0,6,2,2,2978,200,2.5,1,3,1,2,3,32,3,2,1,3,1,2,1
1,0,18,2,0,1820,50,2.5,2,4,1,2,2,30,3,2,1,4,1,2,1
1,0,24,4,3,2872,300,-8.5,3,3,1,4,1,36,3,2,1,3,2,2,1
1,500,24,2,2,1925,50,2.5,2,3,1,2,1,26,3,2,1,3,1,1,1
1,0,18,2,2,2515,50,2.5,3,3,1,4,1,43,3,2,1,3,1,2,1
1,500,6,2,2,2116,50,2.5,2,3,1,2,1,41,3,2,1,3,1,2,1
1,0,18,2,3,1453,50,0.5,3,2,1,1,1,26,3,2,1,3,1,1,1
1,0,10,2,0,1364,50,2.5,2,2,1,4,3,64,3,2,1,3,1,2,1
1,0,6,2,2,1543,750,2.5,4,1,1,2,1,33,3,2,1,3,1,1,1
1,100,12,2,0,1318,750,-8.5,4,3,1,4,1,54,3,2,1,3,1,2,1
1,-500,24,1,0,2325,300,5.5,2,3,1,3,3,32,1,2,1,3,1,1,1
1,100,6,4,8,932,-1,5.5,1,2,1,3,2,39,3,2,2,2,1,1,1
1,500,24,4,3,3148,-1,2.5,3,3,1,2,3,31,3,2,2,3,1,2,1
1,0,36,2,3,3835,-1,-8.5,2,2,1,4,1,45,3,2,1,2,1,2,1
1,0,9,2,6,3832,-1,-8.5,1,3,1,4,1,64,3,2,1,2,1,1,1
1,100,24,2,3,5084,-1,-8.5,2,2,1,4,3,42,3,2,1,3,1,2,1
1,0,9,4,2,2406,50,-1.0,2,3,1,3,3,31,3,2,1,4,1,1,1
1,0,36,2,3,2394,-1,2.5,4,2,1,4,3,25,3,2,1,3,1,1,1
1,0,21,2,1,2476,-1,-8.5,4,3,1,4,1,46,3,2,1,4,1,2,1
1,-500,24,2,1,2964,-1,-8.5,4,3,1,4,4,49,1,3,1,3,2,2,1
1,-500,12,2,2,1262,-1,-8.5,2,1,1,4,2,49,3,2,1,2,1,2,1
1,0,12,2,9,1542,50,5.5,2,3,1,4,3,36,3,2,1,3,1,2,1
1,100,24,4,3,1743,50,-8.5,4,3,1,2,2,48,3,2,2,2,1,1,1
1,500,12,1,3,409,750,2.5,3,2,1,3,1,42,3,1,2,3,1,1,1
1,0,12,2,3,2171,50,0.5,2,2,1,2,3,29,1,2,1,3,1,1,1
1,0,48,4,1,8858,-1,5.5,2,3,1,1,4,35,3,3,2,3,1,2,1
1,100,24,2,0,3512,300,5.5,2,3,1,3,3,38,1,2,2,3,1,2,1
1,100,12,2,3,1158,200,2.5,3,1,1,1,3,26,3,2,1,3,1,2,1
1,0,24,4,3,2684,50,2.5,4,3,1,2,1,35,3,2,2,2,1,1,1
1,-500,12,2,3,1498,50,2.5,4,2,1,1,3,23,1,2,1,3,1,1,1
1,0,30,4,3,5954,50,5.5,3,3,2,2,3,38,3,2,1,3,1,1,1
0,100,48,1,9,6416,50,-8.5,4,2,1,3,4,59,3,1,1,3,1,1,1
1,100,12,4,2,3617,50,-8.5,1,3,1,4,3,28,3,1,3,3,1,2,1
1,0,12,4,3,1291,50,2.5,4,2,1,2,2,35,3,2,2,3,1,1,1
1,500,24,4,9,1275,750,2.5,2,1,1,4,1,36,3,2,2,3,1,2,1
1,0,24,2,2,3972,50,5.5,2,2,1,4,2,25,3,1,1,3,1,2,1
1,0,15,4,2,3343,50,2.5,4,3,1,2,4,28,3,3,1,3,1,2,1
1,500,15,2,6,392,50,0.5,4,2,1,4,2,23,3,1,1,3,1,2,1
1,0,9,4,0,2134,50,2.5,4,3,1,4,3,48,3,2,3,3,1,2,1
1,0,30,4,3,5771,50,5.5,4,2,1,2,3,25,3,2,2,3,1,1,1
1,0,24,4,9,4526,50,2.5,3,3,1,2,1,74,3,2,1,4,1,2,1
1,0,15,4,2,2788,50,5.5,2,2,2,3,3,24,1,2,2,3,1,1,1
1,0,6,4,3,1382,50,2.5,1,2,1,1,3,28,3,2,2,3,1,2,1
1,500,36,2,3,5848,50,2.5,4,3,1,1,3,24,3,2,1,3,1,1,1
0,-500,12,2,0,1228,50,2.5,4,2,1,2,1,24,3,2,1,2,1,1,1
1,500,12,2,3,1297,50,2.5,3,4,1,4,1,23,3,1,1,3,1,1,1
1,0,24,2,3,1552,50,5.5,3,3,1,1,3,32,1,2,1,3,2,1,1
1,0,12,2,3,1963,50,5.5,4,3,1,2,3,31,3,1,2,4,2,2,1
1,0,24,2,3,3235,200,-8.5,3,1,1,2,3,36,3,2,1,4,1,2,1
1,0,24,4,9,4139,300,2.5,3,3,1,3,2,27,3,2,2,2,1,2,1
1,100,12,4,1,1804,300,0.5,3,3,1,4,2,44,3,2,1,3,1,1,1
1,0,18,2,9,1950,50,5.5,4,3,1,1,3,34,2,2,2,3,1,2,1
1,0,48,3,3,12749,200,5.5,4,3,1,1,3,37,3,2,1,4,1,2,1
1,0,9,2,4,1236,50,0.5,1,2,1,4,1,23,3,1,1,3,1,2,1
1,0,18,4,0,1055,50,0.5,4,2,1,1,2,30,3,2,2,3,1,1,1
1,-500,30,0,9,8072,-1,0.5,2,3,1,3,3,25,1,2,3,3,1,1,1
1,0,30,4,3,2831,50,2.5,4,2,1,2,3,33,3,2,1,3,1,2,1
1,0,9,2,9,1449,50,5.5,3,2,1,2,3,27,3,2,2,3,1,1,1
1,0,36,2,9,5742,300,5.5,2,3,1,2,3,31,3,2,2,3,1,2,1
1,0,12,2,0,2390,-1,-8.5,4,3,1,3,3,50,3,2,1,3,1,2,1
1,0,24,2,3,3430,200,-8.5,3,3,1,2,3,31,3,2,1,3,2,2,1
1,100,36,2,6,2273,50,5.5,3,3,1,1,3,32,3,2,2,3,2,1,1
1,500,21,2,0,2923,300,2.5,1,2,1,1,3,28,1,2,1,4,1,2,1
1,0,24,2,3,1901,300,2.5,4,3,1,4,3,29,3,1,1,4,1,2,1
1,100,36,2,6,3711,-1,2.5,2,4,1,2,3,27,3,2,1,3,1,1,1
1,100,48,2,0,8487,-1,5.5,1,2,1,2,3,24,3,2,1,3,1,1,1
1,0,24,2,0,2255,-1,0.5,4,3,1,1,2,54,3,2,1,3,1,1,1
1,0,12,2,3,1262,50,2.5,3,3,1,2,3,25,3,2,1,3,1,1,1
1,0,33,4,1,7253,50,5.5,3,3,1,2,3,35,3,2,2,4,1,2,1
1,0,6,4,0,6761,50,5.5,1,3,1,3,4,45,3,2,2,4,2,2,1
1,0,18,4,2,1817,50,2.5,4,2,1,2,4,28,3,2,2,3,1,1,1
1,0,12,2,3,2141,300,5.5,3,3,1,1,4,35,3,2,1,3,1,1,1
1,0,48,1,9,3609,50,2.5,1,2,1,1,1,27,2,2,1,3,1,1,1
1,0,30,2,3,2333,200,-8.5,4,3,1,2,3,30,1,2,1,4,1,1,1
1,0,28,1,1,7824,-1,0.5,3,3,3,4,1,40,1,1,2,3,2,2,1
1,500,18,1,3,1445,-1,5.5,4,3,1,4,3,49,1,2,1,2,1,1,1
1,-500,24,2,2,7721,-1,0.5,1,2,1,2,2,30,3,2,1,3,1,2,2
1,-500,21,2,0,3763,-1,5.5,2,3,2,2,1,24,3,2,1,2,1,1,2
1,100,18,2,9,4439,50,-8.5,1,3,2,1,1,33,1,2,1,4,1,2,1
1,-500,12,2,3,1107,50,2.5,2,3,1,2,1,20,3,1,1,4,2,2,1
1,100,15,2,3,1444,-1,0.5,4,3,1,1,2,23,3,2,1,3,1,1,1
1,100,48,1,0,12169,-1,-1.0,4,3,2,4,4,36,3,3,1,4,1,2,1
1,0,9,2,3,2753,300,-8.5,3,3,2,4,3,35,3,2,1,3,1,2,1
1,500,4,2,0,1494,-1,0.5,1,3,1,2,1,29,3,2,1,2,2,1,2
1,-500,24,1,2,2828,200,2.5,4,3,1,4,1,22,2,2,1,3,1,2,1
1,-500,24,1,2,2483,200,2.5,4,3,1,4,1,22,2,2,1,3,1,2,1
1,500,6,4,0,1299,50,2.5,1,3,1,1,1,74,3,2,3,1,2,1,2
1,100,9,2,0,1549,-1,0.5,4,3,1,2,1,35,3,2,1,1,1,1,1
1,500,10,2,0,3949,50,0.5,1,3,3,1,2,37,3,2,1,2,2,1,1
1,0,10,2,1,2901,-1,0.5,1,2,1,4,1,31,3,1,1,3,1,1,1
1,500,6,2,0,709,750,0.5,2,4,1,2,1,27,3,2,1,1,1,1,2
1,-500,47,2,0,10722,50,0.5,1,2,1,1,1,35,3,2,1,2,1,2,1
1,0,10,2,0,1287,-1,-8.5,4,3,2,2,2,45,3,2,1,2,1,1,2
1,-500,18,1,3,1940,50,0.5,3,3,2,4,4,36,1,3,1,4,1,2,1
1,500,30,4,3,3656,-1,-8.5,4,3,1,4,2,49,2,2,2,2,1,1,1
1,0,24,3,1,4679,50,5.5,3,3,1,3,3,35,3,2,2,2,1,2,1
1,0,27,3,1,8613,750,2.5,2,3,1,2,3,27,3,2,2,3,1,1,1
1,-500,18,2,2,2659,750,2.5,4,3,1,2,3,28,3,2,1,3,1,1,1
1,0,24,4,3,1516,750,2.5,4,2,1,1,1,43,3,2,2,2,1,1,1
1,-500,18,2,0,4380,300,2.5,3,3,1,4,3,35,3,2,1,2,2,2,1
1,0,14,3,0,802,50,2.5,4,3,1,2,3,27,3,2,2,2,1,1,1
1,0,21,2,9,1572,750,-8.5,4,2,1,4,1,36,1,2,1,2,1,1,1
1,100,48,1,9,3566,300,5.5,4,3,1,2,3,30,3,2,1,3,1,1,1
1,0,24,2,3,1278,50,-8.5,4,3,1,1,1,36,3,2,1,4,1,2,1
1,0,6,0,3,426,50,-8.5,4,4,1,4,3,39,3,2,1,2,1,1,1
1,0,39,2,1,8588,300,-8.5,4,3,1,2,3,45,3,2,1,4,1,2,1
1,-500,30,2,1,3857,50,2.5,4,1,1,4,2,40,3,2,1,4,1,2,1
0,100,12,2,0,685,50,5.5,2,4,1,3,3,25,1,2,1,2,1,1,1
1,-500,24,2,3,1603,50,-8.5,4,2,1,4,3,55,3,2,1,3,1,1,1
1,0,21,2,2,2241,50,-8.5,4,3,1,2,1,50,3,2,2,3,1,1,1
1,-500,24,2,3,2384,50,-8.5,4,3,1,4,1,64,1,1,1,2,1,1,1
1,0,4,2,2,601,50,0.5,1,2,1,3,1,23,3,1,1,2,2,1,1
1,0,39,2,1,2569,200,2.5,4,3,1,4,3,24,3,2,1,3,1,1,1
1,0,15,4,3,1316,200,2.5,2,4,1,2,2,47,3,2,2,2,1,1,1
1,0,60,2,0,10366,50,-8.5,2,3,1,4,2,42,3,2,1,4,1,2,1
1,0,18,2,9,1568,300,2.5,3,2,1,4,2,24,3,1,1,2,1,1,1
1,0,18,4,3,629,200,-8.5,4,3,1,3,2,32,1,2,2,4,1,2,1
1,0,6,1,3,1750,200,-8.5,2,3,1,4,2,45,1,2,1,2,2,1,1
1,0,24,2,1,3488,300,5.5,3,2,1,4,3,23,3,2,1,3,1,1,1
1,0,18,4,3,1800,50,2.5,4,3,1,2,3,24,3,2,2,3,1,1,1
1,0,24,3,2,4151,300,2.5,2,3,1,3,2,35,3,2,2,3,1,1,1
1,100,15,2,5,2631,300,2.5,3,2,1,2,1,25,3,2,1,2,1,1,1
1,0,21,2,1,5248,-1,2.5,1,3,1,3,3,26,3,2,1,3,1,1,1
1,100,18,3,0,2899,-1,-8.5,4,3,1,4,3,43,3,2,1,3,2,1,1
1,100,18,3,5,6204,50,2.5,2,3,1,4,1,44,3,2,1,2,2,2,1
1,0,12,2,3,804,50,-8.5,4,3,1,4,3,38,3,2,1,3,1,1,1
1,0,36,2,3,3595,50,-8.5,4,3,1,2,3,28,3,2,1,3,1,1,1
1,0,36,4,1,5711,750,-8.5,4,3,1,2,3,38,3,2,2,4,1,2,1
1,500,15,2,9,2687,50,5.5,2,3,1,4,2,26,3,1,1,3,1,2,1
1,-500,15,3,2,3643,50,-8.5,1,2,1,4,2,27,3,2,2,2,1,1,1
1,0,10,4,2,2146,50,0.5,1,2,1,3,1,23,3,1,2,3,1,1,1
1,-500,10,2,3,2315,50,-8.5,3,3,1,4,1,52,3,2,1,2,1,1,1
1,0,5,2,9,3448,50,5.5,1,3,1,4,1,74,3,2,1,2,1,1,1
1,0,15,2,2,2708,50,0.5,2,3,1,3,2,27,1,2,2,2,1,1,1
1,0,11,4,0,1393,50,0.5,4,2,1,4,3,35,3,2,2,4,1,1,1
1,500,10,2,2,1275,50,0.5,4,2,1,2,2,23,3,2,1,3,1,1,1
1,0,9,2,2,1313,50,-8.5,1,3,1,4,3,20,3,2,1,3,1,1,1
1,0,12,2,3,1493,50,0.5,4,2,1,3,3,34,3,2,1,3,2,1,1
1,0,22,2,3,2675,200,-8.5,3,3,1,4,3,40,3,2,1,3,1,1,1
1,100,9,2,3,2118,50,2.5,2,3,1,2,1,37,3,2,1,2,2,1,1
1,0,36,2,0,909,200,-8.5,4,3,1,4,2,36,3,2,1,3,1,1,1
1,0,12,4,2,1258,50,0.5,2,2,1,4,2,22,3,1,2,2,1,1,1
1,0,15,1,3,1569,300,-8.5,4,3,1,4,3,34,1,2,1,2,2,1,1
1,0,6,2,1,1236,200,2.5,2,3,1,4,2,50,3,1,1,3,1,1,1
1,0,36,3,2,7678,200,5.5,2,2,1,4,3,40,3,2,2,3,1,2,1
1,0,6,2,5,660,200,5.5,2,4,1,4,1,23,3,1,1,2,1,1,1
1,0,24,2,2,2835,200,-8.5,3,3,1,4,2,53,3,2,1,3,1,1,1
1,0,24,2,1,2670,50,-8.5,4,3,1,4,3,35,3,2,1,4,1,2,1
1,0,12,1,8,3447,200,2.5,4,2,1,3,1,35,3,2,1,2,2,1,1
1,0,15,2,3,3568,50,-8.5,4,2,1,2,3,54,1,1,1,4,1,2,1
1,100,21,4,9,3652,50,5.5,2,3,1,3,2,27,3,2,2,3,1,1,1
1,-500,24,2,3,3660,50,2.5,2,2,1,4,3,28,3,2,1,3,1,1,1
1,500,9,2,3,1126,300,-8.5,2,1,1,4,1,49,3,2,1,3,1,1,1
1,500,6,3,3,683,50,0.5,2,2,1,1,2,29,1,2,1,3,1,1,1
1,500,12,2,2,2251,50,2.5,1,2,1,2,3,46,3,2,1,2,1,1,1
1,0,12,2,1,4675,-1,0.5,1,2,1,4,3,20,3,1,1,3,1,1,1
1,100,21,3,0,2353,50,2.5,1,1,1,4,2,47,3,2,2,3,1,1,1
1,-500,21,2,3,3357,750,0.5,4,2,1,2,3,29,1,2,1,3,1,1,1
1,0,6,2,0,672,50,-1.0,1,2,1,4,1,54,3,2,1,1,1,2,1
1,-500,6,4,3,338,200,-8.5,4,3,1,4,3,52,3,2,2,3,1,1,1
1,0,9,2,3,2697,50,2.5,1,3,1,2,1,32,3,2,1,3,2,1,1
1,0,9,2,0,2507,200,-8.5,2,3,1,4,4,51,3,3,1,2,1,1,1
1,0,15,3,3,1478,50,2.5,4,4,1,3,1,33,1,2,2,3,1,1,1
1,0,12,4,6,3565,-1,0.5,2,3,1,1,2,37,3,2,2,2,2,1,1
1,0,15,2,2,2221,200,2.5,2,2,1,4,3,20,3,1,1,3,1,1,1
1,0,6,4,3,1898,-1,2.5,1,3,1,2,1,34,3,2,2,2,2,1,1
1,100,6,3,9,1449,300,-8.5,1,1,1,2,3,31,1,2,2,3,2,1,1
1,0,15,3,2,960,750,5.5,3,2,1,2,2,30,3,2,2,3,1,1,1
1,0,36,2,1,8133,50,2.5,1,2,1,2,2,30,1,2,1,3,1,1,1
1,0,9,2,2,2301,300,0.5,2,2,1,4,2,22,3,1,1,3,1,1,1
1,0,6,3,9,1743,300,2.5,1,3,1,2,1,34,3,2,2,2,1,1,1
1,100,12,2,2,983,750,0.5,1,2,1,4,1,19,3,1,1,2,1,1,1
1,0,18,3,3,2320,50,-1.0,2,4,1,3,1,34,3,2,2,3,1,1,1
1,-500,12,1,8,339,50,-8.5,4,4,1,1,3,45,1,2,1,2,1,1,1
1,500,24,2,3,5152,50,5.5,4,3,1,2,3,25,1,2,1,3,1,1,1
1,500,24,2,2,3749,50,0.5,2,2,1,4,3,26,3,2,1,3,1,1,1
1,0,9,4,3,3074,-1,2.5,1,3,1,2,1,33,3,2,2,3,2,1,1
0,500,9,2,3,745,50,2.5,3,2,1,2,1,28,3,2,1,2,1,1,1
1,0,24,2,0,1469,300,-8.5,4,4,1,4,1,41,3,1,1,2,1,1,1
1,-500,6,2,2,1374,50,2.5,1,3,1,2,1,36,1,2,1,2,1,2,1
1,0,6,1,0,783,-1,2.5,1,3,3,2,1,26,2,2,1,2,2,1,1
1,-500,21,2,3,2606,50,0.5,4,2,1,4,2,28,3,1,1,4,1,2,1
1,0,54,0,1,9436,-1,2.5,2,3,1,2,2,39,3,2,1,2,2,1,1
1,0,12,4,3,930,-1,-8.5,4,3,1,4,1,65,3,2,4,3,1,1,1
1,0,48,4,1,2751,-1,-8.5,4,3,1,3,3,38,3,2,2,3,2,2,1
1,0,6,4,0,250,750,2.5,2,2,1,2,1,41,1,2,2,2,1,1,1
1,100,24,2,0,1201,50,0.5,4,3,1,1,2,26,3,2,1,3,1,1,1
1,-500,6,2,0,662,50,0.5,3,3,1,4,1,41,3,2,1,2,2,2,1
1,0,15,2,1,1300,-1,-8.5,4,3,1,4,4,45,1,3,1,3,2,1,1
1,0,24,1,9,1559,50,5.5,4,3,1,4,3,40,1,2,1,3,1,2,1
1,500,12,2,3,3016,50,2.5,3,4,1,1,3,24,3,2,1,3,1,1,1
1,0,15,4,3,1360,50,2.5,4,3,1,2,2,31,3,2,2,3,1,1,1
1,0,6,0,0,1204,300,2.5,4,3,1,1,4,35,1,1,1,3,1,1,2
1,0,10,2,0,1597,200,2.5,3,3,1,2,4,40,3,1,1,2,2,1,2
1,0,12,2,3,2073,300,2.5,4,2,2,2,1,28,3,2,1,3,1,1,1
1,0,11,2,9,2142,750,-8.5,1,1,1,2,1,28,3,2,1,3,1,2,1
1,-500,10,4,2,2132,-1,0.5,2,2,2,3,1,27,3,1,2,3,1,1,2
1,0,10,2,0,1546,50,2.5,3,3,1,2,1,31,3,2,1,2,2,1,2
1,0,24,4,0,1287,750,-8.5,4,2,1,4,1,37,3,2,2,3,1,2,1
1,0,10,2,0,1418,300,2.5,3,3,1,2,1,35,3,1,1,2,1,1,2
1,500,6,4,0,1343,50,-8.5,1,3,1,4,1,46,3,2,2,3,2,1,2
1,0,18,2,0,2662,-1,5.5,4,3,1,3,2,32,3,2,1,3,1,1,2
1,0,18,4,3,6070,50,-8.5,3,3,1,4,3,33,3,2,2,3,1,2,1
1,0,24,4,6,1927,-1,2.5,3,2,1,2,3,33,3,2,2,3,1,2,1
1,0,18,4,3,2404,50,2.5,2,2,1,2,3,26,3,2,2,3,1,1,1
1,0,6,4,3,1554,50,5.5,1,2,1,2,3,24,3,1,2,3,1,2,1
1,0,22,2,0,1283,-1,5.5,4,2,1,4,2,25,3,1,1,3,1,1,1
1,0,24,3,0,717,-1,-8.5,4,4,1,4,3,54,3,2,2,3,1,2,1
1,-500,24,2,2,1747,50,0.5,4,3,2,1,2,24,3,2,1,2,1,1,2
1,-500,9,4,5,1288,300,-8.5,3,3,3,4,1,48,3,2,2,3,2,1,2
1,-500,10,4,0,1038,50,5.5,4,3,2,3,2,49,3,2,2,3,1,2,1
1,0,10,2,1,2848,300,2.5,1,3,2,2,1,32,3,2,1,3,2,1,1
1,0,12,2,1,1413,750,5.5,3,3,1,2,2,55,3,2,1,3,1,1,2
1,0,30,4,3,3077,-1,-8.5,3,3,1,2,3,40,3,2,2,3,2,2,1
1,-500,24,1,1,3632,50,2.5,1,2,3,4,3,22,1,1,1,3,1,1,2
1,0,18,4,1,3229,-1,-1.0,2,3,1,4,4,38,3,2,1,4,1,2,1
1,0,9,2,0,3577,300,2.5,1,3,3,2,1,26,3,1,1,3,2,1,2
1,0,12,4,0,682,300,5.5,4,2,1,3,3,51,3,2,2,3,1,2,1
1,0,10,2,3,1924,50,2.5,1,3,1,4,2,38,3,2,1,3,1,2,2
1,0,10,2,6,727,200,-8.5,4,3,1,4,4,46,3,3,1,3,1,2,1
1,500,10,4,0,781,50,-8.5,4,3,1,4,4,63,3,3,2,3,1,2,1
1,-500,12,4,0,2121,50,2.5,4,3,1,2,2,30,3,2,2,3,1,1,1
1,0,12,4,6,701,50,2.5,4,3,1,2,3,32,3,2,2,3,1,1,1
1,0,10,4,2,2069,-1,2.5,2,4,1,1,3,26,3,2,2,3,1,1,2
1,0,24,2,0,1525,750,5.5,4,2,1,3,3,34,3,2,1,3,2,2,1
1,0,48,4,9,7629,-1,-8.5,4,1,1,2,3,46,1,2,2,4,2,1,1
0,-500,12,4,0,3499,50,2.5,3,2,2,2,1,29,3,2,2,3,1,1,1
1,0,6,2,3,1346,300,-8.5,2,3,1,4,4,42,1,3,1,3,2,2,1
1,0,36,4,1,10477,-1,-8.5,2,3,1,4,4,42,3,3,2,3,1,1,1
1,-500,24,2,1,2924,50,2.5,3,3,3,4,4,63,1,2,1,3,2,2,1
1,0,10,4,0,1231,50,-8.5,3,3,1,4,1,32,3,2,2,2,2,1,2
1,500,18,2,0,1961,50,-8.5,3,2,1,2,3,23,3,2,1,4,1,1,1
1,0,15,4,0,5045,-1,-8.5,1,2,1,4,3,59,3,2,1,3,1,2,1
1,0,12,4,0,1255,50,-8.5,4,3,1,4,1,61,3,2,2,2,1,1,1
1,-500,12,2,2,1858,50,0.5,4,2,1,1,3,22,3,1,1,3,1,1,1
1,0,6,4,2,1221,-1,2.5,1,4,1,2,2,27,3,2,2,3,1,1,1
1,0,9,2,2,1388,50,2.5,4,2,1,2,1,26,3,1,1,3,1,1,1
1,0,12,2,3,2279,-1,2.5,4,3,1,4,4,37,3,3,1,3,1,2,1
1,0,12,0,2,2759,50,-8.5,2,3,1,4,2,34,3,2,2,3,1,1,1
1,500,24,2,3,1258,200,2.5,3,2,1,3,3,57,3,2,1,2,1,1,1
1,100,12,0,8,1410,50,2.5,2,3,1,2,1,31,3,2,1,2,1,2,1
1,-500,15,2,0,1403,50,2.5,2,2,1,4,3,28,3,1,1,3,1,1,1
1,-500,24,2,2,3021,50,2.5,2,1,1,2,1,24,3,1,1,2,1,1,1
1,-500,24,2,9,6568,50,2.5,2,4,1,2,3,21,2,2,1,2,1,1,1
1,0,24,4,3,2578,750,-8.5,2,3,1,2,3,34,3,2,1,3,1,1,1
1,100,24,4,1,7758,750,-8.5,2,2,1,4,4,29,3,1,1,3,1,1,1
1,-500,6,2,4,343,50,0.5,4,2,1,1,1,27,3,2,1,3,1,1,1
1,0,21,3,2,1591,300,5.5,4,3,1,3,1,34,3,2,2,4,1,1,1
1,-500,27,2,3,3416,50,2.5,3,3,1,2,3,27,3,2,1,4,1,1,1
0,-500,12,0,5,1108,50,5.5,4,3,1,3,1,28,3,2,2,3,1,1,1
1,100,27,3,1,5965,50,-8.5,1,3,1,2,3,30,3,2,2,4,1,2,1
1,100,15,2,5,1514,300,2.5,4,3,3,2,1,22,3,2,1,3,1,1,1
1,0,30,4,3,6742,-1,5.5,2,3,1,3,2,36,3,2,2,3,1,1,1
1,-500,18,2,2,3650,50,0.5,1,2,1,4,3,22,3,1,1,3,1,1,1
1,-500,21,2,2,3599,50,5.5,1,2,1,4,3,26,3,1,1,2,1,1,1
1,0,60,4,0,13756,-1,-8.5,2,3,1,4,4,63,1,3,1,4,1,2,1
1,100,9,2,0,276,50,2.5,4,4,1,4,1,22,3,1,1,2,1,1,1
1,0,42,4,2,4041,200,2.5,4,3,1,4,1,36,3,2,2,3,1,2,1
1,100,9,2,3,458,50,2.5,4,3,1,3,1,24,3,2,1,3,1,1,1
0,100,9,2,2,918,50,2.5,4,2,1,1,2,30,3,2,1,3,1,1,1
1,0,24,2,0,7393,50,2.5,1,3,1,4,2,43,3,2,1,2,2,1,1
1,500,10,2,4,1225,50,2.5,2,3,1,2,3,37,3,2,1,3,1,2,1
1,-500,24,2,1,2812,-1,-8.5,2,2,1,4,1,26,3,1,1,3,1,1,1
1,0,15,2,1,3029,50,5.5,2,3,1,2,3,33,3,2,1,3,1,1,1
1,500,12,4,0,1480,200,-1.0,2,3,1,4,4,66,1,3,3,1,1,1,1
1,500,6,4,6,1047,50,2.5,2,2,1,4,2,50,3,2,1,2,1,1,1
1,0,15,4,3,1471,50,2.5,4,3,1,4,4,35,3,3,2,3,1,2,1
1,0,24,2,2,5511,300,2.5,4,3,1,1,3,25,2,2,1,3,1,1,1
1,100,9,2,3,1206,50,-8.5,4,2,1,4,1,25,3,2,1,3,1,1,1
1,100,24,3,3,6403,50,0.5,1,3,1,2,3,33,3,2,1,3,1,1,1
1,0,12,2,3,707,50,2.5,4,3,1,2,1,30,1,2,2,3,1,1,1
1,0,12,3,1,1503,50,2.5,4,4,1,4,1,41,3,1,1,3,1,1,1
1,100,12,2,0,6078,50,5.5,2,3,1,2,3,32,3,2,1,3,1,1,1
1,100,27,2,9,2528,50,0.5,4,2,1,1,2,32,3,2,1,3,2,2,1
1,100,12,2,9,1037,300,5.5,3,3,1,4,1,39,3,2,1,2,1,1,1
1,-500,6,2,1,1352,200,-1.0,1,2,1,2,2,23,3,1,1,1,1,2,1
1,0,24,2,3,3181,50,0.5,4,2,1,4,2,26,3,2,1,3,1,2,1
1,0,18,2,3,4594,50,0.5,3,3,1,2,3,32,3,2,1,3,1,2,1
1,100,48,2,10,5381,-1,-1.0,3,3,1,4,4,40,1,3,1,1,1,2,1
1,0,15,2,1,4657,50,2.5,3,3,1,2,3,30,3,2,1,3,1,2,1
1,100,9,2,9,1391,50,2.5,2,4,1,1,1,27,1,2,1,3,1,2,1
1,100,18,2,9,1913,750,0.5,3,4,1,3,1,36,1,2,1,3,1,2,1
1,0,42,2,3,7166,-1,5.5,2,4,1,4,2,29,3,1,1,3,1,2,1
1,0,13,2,3,1409,300,-1.0,2,2,1,4,1,64,3,2,1,3,1,1,1
1,0,24,3,9,2978,-1,2.5,4,3,1,4,1,32,3,2,2,3,2,2,1
1,0,12,4,3,976,-1,-8.5,4,3,1,4,3,35,3,2,2,3,1,1,1
1,0,24,3,9,2375,200,2.5,4,3,1,2,3,44,3,2,2,3,2,2,1
1,0,12,4,3,522,200,-8.5,4,3,1,4,2,42,3,2,2,3,2,2,1
1,0,28,4,3,2743,50,-8.5,4,3,1,2,3,29,3,2,2,3,1,1,1
1,0,11,4,3,1154,300,-1.0,4,2,1,4,1,57,3,2,3,2,1,1,1
1,0,24,4,1,5804,750,2.5,4,3,1,2,1,27,3,2,2,3,1,1,1
1,0,18,4,3,1169,-1,2.5,4,3,1,3,2,29,3,2,2,3,1,2,1
1,-500,15,4,2,1478,50,-8.5,4,3,1,4,3,44,3,2,2,3,2,2,1
1,0,12,2,3,776,50,2.5,4,4,1,2,1,28,3,2,1,3,1,1,1
1,100,11,4,0,1322,750,2.5,4,2,1,4,3,40,3,2,2,3,1,1,1
1,100,16,4,0,1175,50,-1.0,2,3,1,3,3,68,3,3,3,1,1,2,1
1,0,12,2,0,2133,-1,-8.5,4,2,1,4,4,52,3,3,1,4,1,2,1
1,0,15,4,3,1829,50,-8.5,4,3,1,4,3,46,3,2,2,3,1,2,1
1,0,12,4,3,717,50,-8.5,4,3,1,4,1,52,3,2,3,3,1,1,1
1,100,39,3,6,11760,300,5.5,2,3,1,3,4,32,3,1,1,3,1,2,1
0,100,9,4,6,1501,50,-8.5,2,2,1,3,3,34,3,2,2,4,1,2,1
1,-500,12,2,6,1200,-1,2.5,4,2,1,4,2,23,1,1,1,3,1,2,1
1,100,9,2,0,3195,-1,2.5,1,2,1,2,1,33,3,2,1,2,1,1,1
1,0,30,4,3,4530,50,5.5,4,2,1,4,3,26,3,1,1,4,1,2,1
0,0,12,3,5,1555,750,-8.5,4,3,1,4,4,55,3,3,2,3,2,1,1
1,100,15,4,9,2326,200,2.5,2,3,1,4,3,27,1,2,1,3,1,1,1
1,100,18,4,9,1887,-1,2.5,4,4,1,4,1,28,1,2,2,3,1,1,1
1,0,12,4,9,1264,-1,-8.5,4,3,1,4,4,57,3,1,1,2,1,1,1
1,0,7,3,3,846,-1,-8.5,3,3,1,4,4,36,3,3,1,3,1,1,1
1,0,15,4,6,1532,300,2.5,4,2,1,3,3,31,3,2,1,3,1,1,1
1,0,6,3,3,935,50,2.5,3,2,1,2,1,24,3,2,1,3,1,1,1
1,-500,27,4,9,2442,50,-8.5,4,3,1,4,3,43,2,2,4,4,2,2,1
1,100,18,4,9,3590,50,-1.0,3,4,1,3,3,40,3,2,3,1,2,2,1
1,0,21,4,2,2288,50,0.5,4,2,1,4,2,23,3,2,1,3,1,2,1
1,0,27,3,9,5117,50,5.5,3,3,1,4,3,26,3,2,2,3,1,1,1
1,-500,39,4,2,14179,-1,5.5,4,3,1,4,2,30,3,2,2,4,1,2,1
1,0,15,2,3,1386,-1,2.5,4,4,1,2,1,40,3,1,1,3,1,2,1
1,0,12,4,3,618,50,-8.5,4,3,1,4,1,56,3,2,1,3,1,1,1
1,0,12,2,2,1574,50,2.5,4,3,1,2,1,50,3,2,1,3,1,1,1
1,0,6,4,3,700,-1,-8.5,4,3,1,4,4,36,3,3,2,3,1,1,1
1,0,12,2,3,886,-1,2.5,4,2,1,2,3,21,3,2,1,3,1,1,1
1,0,36,2,1,4686,50,2.5,2,3,1,2,4,32,3,3,1,4,1,2,1
1,100,9,2,3,790,200,2.5,4,2,1,3,1,66,3,2,1,2,1,1,1
0,100,12,2,3,766,200,2.5,4,3,1,3,1,66,3,2,1,2,1,1,1
1,-500,20,2,2,2212,-1,5.5,4,3,1,4,3,39,3,2,1,3,1,2,1
1,100,10,2,0,7308,50,-1.0,2,3,1,4,4,70,1,3,1,4,1,2,1
1,100,24,4,6,5743,50,0.5,2,2,1,4,4,24,3,3,2,3,1,2,1
1,-500,14,2,0,3973,50,-1.0,1,3,1,4,4,22,3,3,1,3,1,1,1
1,100,60,3,3,7418,-1,2.5,1,3,1,1,1,27,3,2,1,2,1,1,1
1,100,20,3,10,2629,50,2.5,2,3,1,3,3,29,1,2,2,3,1,2,1
1,100,18,2,9,1941,750,2.5,4,3,1,2,2,35,3,2,1,2,1,2,1
1,100,24,3,2,2333,-1,0.5,4,3,1,2,2,29,1,2,1,2,1,1,1
1,0,12,2,1,2445,-1,0.5,2,4,1,4,3,26,3,1,1,3,1,2,1
1,100,20,2,1,6468,-1,-1.0,1,1,1,4,1,60,3,2,1,4,1,2,1
1,100,18,4,2,7374,50,-1.0,4,3,1,4,2,40,2,2,2,4,1,2,1
1,0,15,2,1,3812,300,0.5,1,2,1,4,3,23,3,2,1,3,1,2,1
0,-500,28,2,0,4006,50,2.5,3,3,1,2,3,45,3,2,1,2,1,1,1
1,100,12,2,0,7472,-1,-1.0,1,2,1,2,1,24,3,1,1,1,1,1,1
1,500,12,2,2,1424,-1,-8.5,3,2,1,4,1,55,3,2,1,4,1,2,1
1,100,12,2,1,2028,-1,2.5,4,3,1,2,3,30,3,2,1,3,1,1,1
1,0,15,2,0,5324,200,-8.5,1,2,1,4,4,35,3,3,1,3,1,1,1
1,100,36,2,3,2323,50,5.5,4,3,1,4,3,24,3,1,1,3,1,1,1
1,0,12,2,6,1393,50,-8.5,4,3,1,4,2,47,1,2,3,3,2,2,1
1,0,18,2,2,1984,50,2.5,4,3,1,4,4,47,1,3,2,3,1,1,1
1,0,24,2,3,999,-1,-8.5,4,3,1,2,3,25,3,2,2,3,1,1,1
1,0,36,2,9,7409,-1,-8.5,3,3,1,2,2,37,3,2,2,3,1,1,1
1,0,15,2,2,2186,-1,5.5,1,2,1,4,1,33,1,1,1,2,1,1,1
1,500,36,2,3,4473,50,-8.5,4,3,1,2,3,31,3,2,1,3,1,1,1
1,0,24,2,8,937,50,0.5,4,4,1,3,3,27,3,2,2,2,1,1,1
1,0,18,2,2,3422,50,-8.5,4,3,1,4,2,47,1,2,3,3,2,2,1
1,0,24,2,3,3105,-1,0.5,4,3,1,2,3,25,3,2,2,3,1,1,1
1,0,12,4,6,2748,50,-8.5,2,2,1,4,4,57,1,3,3,2,1,1,1
1,100,18,2,5,3872,50,-1.0,2,2,1,4,3,67,3,2,1,3,1,2,1
1,0,27,2,5,5190,-1,-8.5,4,3,1,4,2,48,3,2,4,3,2,2,1
1,100,18,2,2,3001,50,5.5,2,2,1,4,1,40,3,1,1,3,1,1,1
1,0,24,3,9,3863,50,2.5,1,3,1,2,4,32,3,3,1,3,1,1,1
1,0,12,4,2,5801,-1,-8.5,2,3,1,4,2,49,3,1,1,3,1,2,2
1,0,12,4,2,1592,750,5.5,3,2,1,2,2,35,3,2,1,3,1,1,1
1,0,12,4,9,1185,50,2.5,3,2,1,2,1,27,3,2,2,3,1,1,1
1,0,18,4,2,3780,50,0.5,3,1,1,2,3,35,3,2,2,4,1,2,1
1,100,18,4,2,3612,50,-8.5,3,2,1,4,2,37,3,2,1,3,1,2,2
1,0,12,2,9,1076,50,2.5,2,4,1,2,1,26,3,2,1,3,1,2,1
1,0,12,2,0,3527,-1,0.5,2,3,1,3,2,45,3,2,1,4,2,2,1
1,0,18,2,3,2051,50,0.5,4,3,1,1,1,33,3,2,1,3,1,1,1
1,0,12,4,2,3331,50,-8.5,2,3,1,4,2,42,2,2,1,3,1,1,1
1,-500,18,0,9,3104,50,5.5,3,3,1,1,2,31,1,2,1,3,1,2,1
1,0,24,4,3,2611,50,-8.5,4,4,2,3,1,46,3,2,2,3,1,1,1
1,-500,12,4,1,1409,50,-8.5,4,3,1,3,1,54,3,2,1,3,1,1,1
1,0,24,2,3,1311,300,5.5,4,4,1,3,2,26,3,2,1,3,1,2,1
1,0,6,2,3,2108,50,5.5,2,4,1,2,1,29,3,1,1,3,1,1,1
1,0,24,4,1,4042,-1,5.5,3,3,1,4,2,43,3,2,2,3,1,2,1
1,0,12,4,0,926,50,-1.0,1,2,1,2,2,38,3,2,1,1,1,1,1
1,-500,12,2,3,1680,200,-8.5,3,4,1,1,1,35,3,2,1,3,1,1,1
1,0,24,2,0,1249,50,0.5,4,4,1,2,1,28,3,2,1,3,1,1,1
1,0,24,4,0,2463,300,5.5,4,4,1,3,2,27,3,2,2,3,1,2,1
1,0,6,2,3,1595,50,5.5,3,3,1,2,2,51,3,2,1,3,2,1,1
1,0,24,4,5,2058,50,2.5,4,1,1,2,1,33,3,2,2,3,1,2,1
1,0,24,2,1,7814,50,5.5,3,3,1,3,3,38,3,2,1,4,1,2,1
1,0,6,4,3,1740,50,-8.5,2,4,1,2,1,30,3,1,2,3,1,1,1
1,0,12,4,3,1240,-1,-8.5,4,2,1,2,1,38,3,2,2,3,1,2,1
1,0,24,4,1,6842,-1,2.5,2,3,1,4,2,46,3,2,2,4,2,2,1
1,0,24,4,2,5150,50,-8.5,4,3,1,4,3,33,3,2,1,3,1,2,1
1,-500,6,2,0,1203,300,-8.5,3,3,1,2,2,43,3,2,1,3,1,2,1
1,0,6,4,0,2080,200,2.5,1,4,1,2,3,24,3,2,1,3,1,1,1
1,0,6,2,6,1538,50,0.5,1,2,1,2,4,56,3,2,1,3,1,1,1
1,100,24,4,0,3878,300,0.5,4,1,1,2,3,37,3,2,1,3,1,2,1
1,100,30,2,2,3832,50,0.5,2,4,1,1,2,22,3,2,1,3,1,1,1
1,0,15,2,0,3186,750,5.5,2,2,1,3,3,20,3,1,1,3,1,1,1
1,100,24,2,3,2896,300,0.5,2,3,1,1,3,29,3,2,1,3,1,1,1
1,100,24,3,9,6967,300,5.5,4,3,1,4,3,36,3,1,1,4,1,2,1
0,0,36,2,6,1819,50,2.5,4,3,1,4,4,37,2,3,1,3,1,2,1
0,0,24,2,3,5943,-1,0.5,1,2,1,1,3,44,3,2,2,3,1,2,1
0,0,36,4,2,7127,50,0.5,2,2,1,4,2,23,3,1,2,3,1,2,1
0,0,36,2,2,3349,50,2.5,4,2,1,2,3,28,3,2,1,4,1,2,1
0,0,36,2,2,10974,50,-1.0,4,2,1,2,3,26,3,2,2,4,1,2,1
1,0,6,2,3,518,50,2.5,3,2,1,1,1,29,3,2,1,3,1,1,1
1,0,18,2,3,1126,-1,0.5,4,2,1,2,1,21,3,1,1,3,1,2,1
1,100,12,4,1,1860,50,-1.0,4,3,1,2,3,34,3,2,2,4,1,2,1
1,0,36,4,3,9566,50,2.5,2,2,1,2,3,31,2,2,2,3,1,1,1
1,-500,12,2,3,701,50,2.5,4,4,1,2,1,40,3,2,1,2,1,1,1
1,100,12,2,3,2930,50,5.5,2,2,1,1,1,27,3,2,1,3,1,1,1
1,0,18,2,3,1505,50,2.5,4,3,1,2,4,32,3,3,1,4,1,2,1
1,0,18,4,3,2238,50,2.5,2,2,1,1,3,25,3,2,2,3,1,1,1
1,0,4,4,3,1503,50,5.5,2,3,1,1,1,42,3,2,2,2,2,1,1
1,0,24,4,1,2197,-1,5.5,4,3,1,4,3,43,3,2,2,3,2,2,1
1,500,12,2,3,1881,50,2.5,2,2,1,2,3,44,3,1,1,2,1,2,1
1,-500,18,4,3,1880,50,5.5,4,4,1,1,2,32,3,2,2,4,1,2,1
1,-500,18,2,3,2389,50,0.5,4,2,1,1,3,27,2,2,1,3,1,1,1
1,100,24,2,3,1967,50,-8.5,4,2,1,4,3,20,3,2,1,3,1,2,1
1,0,4,4,0,3380,50,5.5,1,2,1,1,1,37,3,2,1,3,2,1,1
1,0,4,4,0,1455,50,5.5,2,3,1,1,1,42,3,2,3,2,2,1,1
1,0,7,4,3,730,-1,-8.5,4,3,1,2,2,46,3,1,2,2,1,2,1
1,100,18,0,2,3244,50,2.5,1,2,1,4,3,33,1,2,2,3,1,2,1
0,100,9,2,3,1670,50,0.5,4,2,1,2,3,22,3,2,1,3,1,2,1
1,100,48,2,3,3979,-1,5.5,4,3,1,1,3,41,3,2,2,3,2,2,1
0,100,12,2,2,1922,50,2.5,4,3,1,2,2,37,3,2,1,2,1,1,1
1,100,18,4,2,1295,50,0.5,4,2,1,1,2,27,3,2,2,3,1,1,1
1,0,4,4,3,1544,50,5.5,2,3,1,1,1,42,3,2,3,2,2,1,1
1,100,8,2,9,907,50,0.5,3,4,1,2,1,26,3,2,1,3,1,2,1
1,100,30,2,3,1715,-1,2.5,4,2,1,1,3,26,3,2,1,3,1,1,1
1,500,10,4,3,1347,-1,5.5,4,3,1,2,2,27,3,2,2,3,1,2,1
1,100,12,2,0,1007,750,2.5,4,4,1,1,1,22,3,2,1,3,1,1,1
1,0,12,4,2,1402,200,5.5,3,2,1,4,3,37,3,1,1,3,1,2,1
1,100,12,2,0,2002,50,5.5,3,3,1,4,2,30,3,1,1,3,2,2,1
1,0,12,4,6,2096,50,5.5,2,3,1,3,1,49,3,2,1,2,2,1,1
1,0,12,2,0,1101,50,2.5,3,4,1,2,1,27,3,2,2,3,1,2,1
1,0,10,2,8,894,-1,5.5,4,2,1,3,2,40,3,2,1,3,1,2,1
1,100,11,2,2,1577,750,0.5,4,2,1,1,1,20,3,2,1,3,1,1,1
1,0,33,3,9,2764,50,2.5,2,2,1,2,3,26,3,2,2,3,1,2,1
1,100,48,0,0,8358,200,0.5,1,2,1,1,3,30,3,2,2,3,1,1,1
1,500,12,2,2,1474,50,0.5,4,2,1,1,2,33,1,2,1,4,1,2,1
1,0,24,2,1,5433,-1,-1.0,2,2,1,4,2,26,3,1,1,4,1,2,1
1,100,14,2,9,1410,200,-8.5,1,4,1,2,1,35,3,2,1,3,1,2,1
1,0,20,4,0,3485,-1,0.5,2,1,1,4,1,44,3,2,2,3,1,2,1
1,0,18,4,1,3850,50,5.5,3,3,1,1,3,27,3,2,2,3,1,1,1
0,100,60,2,0,7408,300,0.5,4,2,1,2,2,24,3,2,1,4,1,1,1
1,500,24,2,3,1377,300,-8.5,4,2,1,2,4,47,3,3,1,3,1,2,1
1,0,30,3,9,4272,300,2.5,2,3,1,2,2,26,3,2,2,2,1,1,1
1,100,24,3,3,1553,300,5.5,3,2,1,2,2,23,3,1,2,3,1,2,1
1,100,36,3,9,9857,300,5.5,1,3,1,3,2,31,3,2,2,2,2,2,1
1,0,6,4,0,362,300,2.5,4,2,1,4,3,52,3,2,2,2,1,1,1
1,0,12,4,2,1935,50,-8.5,4,3,1,4,1,43,3,2,3,3,1,2,1
1,0,48,2,3,10222,-1,5.5,4,3,1,3,3,37,2,2,1,3,1,2,1
1,500,12,2,0,1330,50,0.5,4,3,1,1,1,26,3,2,1,3,1,1,1
1,0,36,2,6,9055,-1,2.5,2,3,1,4,4,35,3,3,1,2,2,2,1
1,100,26,2,1,7966,50,0.5,2,3,1,3,3,30,3,2,2,3,1,1,1
1,100,30,1,2,3496,750,2.5,4,3,1,2,3,34,2,2,1,3,2,2,1
1,100,36,2,1,6948,50,2.5,2,3,1,2,3,35,3,1,1,4,1,2,1
1,100,48,0,9,12204,-1,2.5,2,3,1,2,3,48,1,2,1,4,1,2,1
0,-500,36,2,2,3446,50,-8.5,4,3,1,2,3,42,3,2,1,3,2,1,1
0,-500,12,2,6,684,50,2.5,4,3,1,4,3,40,3,1,1,2,2,1,1
0,-500,33,4,2,4281,200,2.5,1,2,1,4,3,23,3,2,2,3,1,1,1
0,-500,42,2,3,7174,-1,5.5,4,2,1,3,3,30,3,2,1,4,1,2,1
0,-500,24,1,3,1546,50,5.5,4,3,3,4,3,24,1,1,1,2,1,1,1
0,-500,24,2,2,2359,300,-1.0,1,1,1,1,2,33,3,2,1,3,1,1,1
0,0,24,2,3,3621,300,-8.5,2,3,1,4,3,31,3,2,2,3,1,1,1
0,-500,12,2,4,741,300,-1.0,4,2,1,3,2,22,3,2,1,3,1,1,1
0,-500,12,2,2,7865,50,-8.5,4,3,1,4,4,53,3,3,1,4,1,2,1
1,-500,24,2,1,2910,50,5.5,2,3,1,1,4,34,3,3,1,4,1,2,1
1,-500,18,4,0,5302,50,-8.5,2,3,1,4,4,36,3,3,3,4,1,2,1
1,-500,36,2,2,3620,50,2.5,1,3,3,2,2,37,3,2,1,3,2,1,1
1,-500,18,2,3,3509,50,5.5,4,2,3,1,1,25,3,2,1,3,1,1,1
1,100,12,2,2,3017,50,0.5,3,2,1,1,1,34,3,1,1,4,1,1,1
1,-500,12,2,2,1657,50,2.5,2,3,1,2,1,27,3,2,1,3,1,1,1
1,-500,8,4,10,1164,50,-8.5,3,3,1,4,4,51,1,3,2,4,2,2,1
0,-500,36,4,2,6229,50,0.5,4,2,2,4,4,23,3,1,2,2,1,2,1
0,-500,24,1,0,1193,50,-1.0,1,2,2,4,4,29,3,1,2,1,1,1,1
1,-500,30,0,2,4583,50,2.5,2,1,3,2,1,32,3,2,2,3,1,1,1
1,-500,36,4,2,5371,50,2.5,3,3,3,2,2,28,3,2,2,3,1,1,1
1,-500,12,2,2,708,50,2.5,2,3,3,3,2,38,3,2,1,2,2,1,1
1,-500,21,4,0,571,50,-8.5,4,3,1,4,1,65,3,2,2,3,1,1,1
1,-500,30,2,3,2522,50,-8.5,1,3,3,3,2,39,3,2,1,3,2,1,1
0,-500,36,2,2,5179,50,5.5,4,3,1,2,2,29,3,2,1,3,1,1,1
0,-500,36,2,1,8229,50,2.5,2,3,1,2,2,26,3,2,1,3,2,1,1
1,0,24,4,2,2028,50,5.5,2,3,1,2,2,30,3,2,2,2,1,1,1
1,-500,6,2,0,1374,-1,-1.0,4,2,1,3,2,75,3,2,1,4,1,2,1
1,-500,12,2,2,1289,50,2.5,4,3,3,1,2,21,3,2,1,2,1,1,1
0,-500,36,2,2,2712,50,-8.5,2,3,1,2,2,41,1,2,1,3,2,1,1
1,-500,15,4,2,975,50,2.5,2,1,1,3,2,25,3,2,2,3,1,1,1
1,100,6,3,2,1050,50,-1.0,4,3,1,1,2,35,2,2,2,4,1,2,2
1,-500,6,4,0,609,50,5.5,4,2,1,3,2,37,3,2,2,3,1,1,1
1,-500,48,2,1,4788,50,5.5,4,3,1,3,2,26,3,2,1,3,2,1,1
1,100,24,2,2,3069,300,-8.5,4,3,1,4,4,30,3,3,1,3,1,1,1
0,100,12,2,0,836,300,0.5,4,2,1,2,2,23,1,2,1,2,1,1,1
1,-500,12,2,2,2577,50,2.5,2,1,1,1,3,42,3,2,1,3,1,1,1
1,-500,12,2,2,1620,50,2.5,2,2,2,3,2,30,3,2,1,3,1,1,1
1,-500,15,2,2,1845,50,0.5,4,2,3,1,2,46,3,1,1,3,1,1,1
1,-500,24,2,1,6579,50,-1.0,4,3,1,2,4,29,3,3,1,4,1,2,1
1,-500,12,2,0,1893,50,2.5,4,2,3,4,2,29,3,2,1,3,1,2,1
1,-500,30,4,1,10623,50,-8.5,3,3,1,4,4,38,3,3,3,4,2,2,1
1,-500,18,2,0,2249,300,5.5,4,3,1,3,3,30,3,2,1,4,2,2,1
0,-500,30,2,2,3108,50,0.5,2,1,1,4,2,31,3,2,1,2,1,1,1
1,100,12,4,0,958,50,5.5,2,3,1,3,1,47,3,2,2,2,2,1,1
1,0,24,2,1,9277,-1,2.5,2,1,1,4,4,48,3,3,1,3,1,2,1
1,0,24,4,10,6314,50,-1.0,4,3,2,2,4,27,1,2,2,4,1,2,1
1,-500,12,4,1,1526,50,-8.5,4,3,1,4,4,66,3,3,2,4,1,1,1
1,-500,12,2,2,3590,50,2.5,2,3,2,2,2,29,3,2,1,2,2,1,1
1,-500,24,4,1,6615,50,-1.0,2,3,1,4,4,75,3,3,2,4,1,2,1
1,-500,6,4,2,1872,50,-1.0,4,3,1,4,4,36,3,3,3,4,1,2,1
1,0,12,2,0,2859,-1,-1.0,4,3,1,4,4,38,3,2,1,4,1,2,1
1,0,18,4,3,1582,750,-8.5,4,3,1,4,3,46,3,2,2,3,1,1,1
1,0,6,2,8,1238,-1,-1.0,4,3,1,4,2,36,3,2,1,4,2,2,1
1,-500,12,2,2,2578,50,-1.0,3,2,1,4,4,55,3,3,1,4,1,1,1
1,-500,15,4,2,1433,50,2.5,4,2,1,3,2,25,3,1,2,3,1,1,1
1,-500,42,2,2,7882,50,5.5,2,3,3,4,2,45,3,3,1,3,2,1,1
1,-500,24,2,2,4169,50,2.5,4,3,1,4,2,28,3,2,1,3,1,1,1
1,-500,36,2,2,3959,50,-1.0,4,3,1,3,2,30,3,2,1,4,1,2,1
1,-500,36,2,0,3249,50,5.5,2,3,1,4,4,39,1,3,1,4,2,2,1
1,-500,24,2,2,3149,50,0.5,4,3,1,1,4,22,1,3,1,3,1,1,1
0,-500,12,4,2,2246,50,-8.5,3,3,1,3,2,60,3,2,2,3,1,1,1
1,-500,13,4,9,1797,50,0.5,3,3,1,1,2,28,1,2,2,2,1,1,1
1,-500,20,4,2,4272,50,-8.5,1,2,1,4,2,24,3,2,2,3,1,1,1
1,-500,24,4,1,2957,50,-8.5,4,3,1,4,2,63,3,2,2,3,1,2,1
1,-500,36,4,2,2348,50,2.5,3,4,1,2,2,46,3,2,2,3,1,2,1
1,500,42,0,9,6289,50,0.5,2,1,1,1,2,33,3,2,2,3,1,1,1
1,-500,24,4,1,6419,50,-8.5,2,2,1,4,4,44,3,3,2,4,2,2,1
0,-500,48,4,1,6143,50,-8.5,4,2,1,4,4,58,2,3,2,2,1,1,1
1,0,24,4,6,1597,50,-8.5,4,3,1,4,4,54,3,3,2,3,2,1,1
1,-500,36,2,10,15857,50,-1.0,2,1,2,3,3,43,3,2,1,4,1,1,1
1,0,24,4,3,2223,300,-8.5,4,3,1,4,2,52,1,2,2,3,1,1,1
1,0,48,3,3,7238,-1,-8.5,3,3,1,3,3,32,1,2,2,3,2,1,1
1,100,30,3,9,2503,300,-8.5,4,3,1,2,2,41,2,2,2,3,1,1,1
1,100,18,2,9,2622,300,2.5,4,3,1,4,3,34,3,2,1,3,1,1,1
1,100,24,2,2,4351,-1,2.5,1,2,1,4,2,48,3,2,1,2,1,2,1
1,100,6,2,3,368,-1,-8.5,4,3,1,4,2,38,3,2,1,3,1,1,1
1,100,12,2,8,754,-1,-8.5,4,3,1,4,2,38,3,2,2,3,1,1,1
1,0,24,4,3,2424,-1,-8.5,4,3,1,4,2,53,3,2,2,3,1,1,1
1,100,48,3,9,6681,-1,2.5,4,3,1,4,4,38,3,3,1,3,2,2,1
1,100,18,3,9,2427,-1,-8.5,4,3,1,2,2,42,3,2,2,3,1,1,1
0,100,24,4,3,1216,300,0.5,4,3,1,4,4,38,1,2,2,3,2,1,1
1,100,6,2,3,753,50,2.5,2,2,3,3,1,64,3,2,1,3,1,1,1
1,100,7,2,3,2576,50,2.5,2,3,3,2,1,35,3,2,1,3,1,1,2
1,100,6,2,3,590,50,0.5,3,4,1,3,1,26,3,2,1,2,1,1,2
1,100,8,2,3,1414,50,2.5,4,3,3,2,1,33,3,2,1,3,1,1,2
1,100,12,2,3,1103,50,5.5,4,3,3,3,1,29,3,2,2,3,1,1,1
1,100,12,3,3,585,50,2.5,4,4,2,4,1,20,3,1,2,3,1,1,1
1,100,6,2,3,1068,50,-8.5,4,3,1,4,3,28,3,2,1,3,2,1,1
1,-500,8,4,0,713,50,-8.5,4,3,1,4,1,47,3,2,2,2,1,1,1
1,100,12,2,3,1092,50,2.5,4,2,3,4,1,49,3,2,2,3,1,2,1
1,100,7,2,3,2329,50,0.5,1,2,3,1,1,45,3,2,1,3,1,1,1
1,100,13,4,3,882,50,0.5,4,3,3,4,1,23,3,2,2,3,1,1,1
1,100,18,2,3,866,50,2.5,4,4,3,2,1,25,3,2,1,2,1,1,1
1,100,7,2,3,2415,50,2.5,3,3,3,2,1,34,3,2,1,3,1,1,1
1,100,13,2,3,2101,50,0.5,2,2,3,4,2,23,3,2,1,2,1,1,1
1,100,18,2,3,1301,50,-8.5,4,4,3,2,1,32,3,2,1,2,1,1,1
1,100,18,2,3,1113,50,2.5,4,2,3,4,1,26,3,2,1,2,2,1,1
1,100,8,2,3,760,50,5.5,4,2,3,2,1,44,3,2,1,2,1,1,1
1,100,12,2,3,625,50,0.5,4,4,3,1,1,26,1,2,1,2,1,1,1
1,500,6,4,0,1323,300,-8.5,2,1,1,4,3,28,3,2,2,3,2,2,1
1,-500,9,4,3,1138,50,2.5,4,3,1,4,1,25,3,2,2,2,1,1,1
1,100,18,4,3,1795,50,-8.5,3,2,3,4,1,48,1,1,2,2,1,2,1
1,100,15,4,3,2728,-1,5.5,4,3,3,2,1,35,1,2,3,3,1,2,1
1,100,6,2,3,484,50,5.5,3,4,3,3,1,28,1,2,1,2,1,1,1
1,100,10,1,3,1048,50,2.5,4,3,1,4,1,23,2,2,1,2,1,1,1
1,100,12,2,3,1155,50,-8.5,3,4,3,3,1,40,1,2,2,2,1,1,1
1,100,20,3,1,7057,-1,5.5,3,3,1,4,2,36,1,1,2,4,2,2,1
1,100,15,4,3,1537,-1,-8.5,4,3,3,4,1,50,3,2,2,3,1,2,1
1,-500,12,2,3,2214,50,2.5,4,3,1,3,2,24,3,2,1,2,1,1,1
1,0,24,4,2,1585,50,5.5,4,3,1,3,2,40,3,2,2,3,1,1,1
1,100,10,2,2,1521,50,2.5,4,1,1,2,3,31,3,2,1,2,1,1,1
1,100,36,1,4,3990,-1,0.5,3,2,1,2,4,29,1,2,1,1,1,1,1
1,500,18,2,2,3049,50,0.5,1,2,1,1,2,45,2,2,1,2,1,1,1
0,-500,24,2,3,1282,300,2.5,4,2,1,2,3,32,3,2,1,2,1,1,1
1,0,60,2,3,10144,300,5.5,2,2,1,4,1,21,3,2,1,3,1,2,1
1,-500,12,2,0,1168,50,2.5,4,4,1,3,1,27,3,2,1,2,1,1,1
1,100,6,2,5,454,50,0.5,3,4,1,1,2,22,3,2,1,2,1,1,1
1,0,15,3,1,3594,50,0.5,1,2,1,2,2,46,3,2,2,2,1,1,1
1,0,12,2,2,1768,50,2.5,3,3,1,2,1,24,3,1,1,2,1,1,1
1,0,60,3,3,15653,50,5.5,2,3,1,4,3,21,3,2,2,3,1,2,1
1,500,12,3,0,2247,50,2.5,2,2,1,2,3,36,2,2,2,3,1,2,1
1,0,24,2,3,1413,50,2.5,4,4,1,2,2,28,3,2,1,3,1,1,1
1,100,45,4,1,4576,300,-1.0,3,3,1,4,3,27,3,2,1,3,1,1,1
1,-500,24,4,3,1231,750,-8.5,4,2,1,4,2,57,3,1,2,4,1,2,1
0,-500,36,2,1,8335,-1,-8.5,3,3,1,4,4,47,3,3,1,3,1,1,1
1,100,36,4,1,5800,50,2.5,3,3,1,4,3,34,3,2,2,3,1,2,1
1,-500,18,3,6,8471,-1,2.5,1,2,1,2,3,23,3,1,2,3,1,2,1
1,-500,30,2,2,3622,750,-8.5,4,2,1,4,2,57,3,1,2,3,1,2,1
1,-500,6,4,3,1169,-1,-8.5,4,3,1,4,1,67,3,2,2,3,1,2,1
1,0,15,2,4,1262,200,5.5,4,3,1,3,2,36,3,2,2,3,1,2,1
1,500,24,4,2,3617,-1,-8.5,4,3,2,4,4,20,3,1,2,3,1,1,1
1,100,30,4,0,2181,-1,-8.5,4,3,1,4,1,36,3,2,2,3,1,1,1
0,-500,48,1,9,7685,50,5.5,2,2,3,4,3,37,3,1,1,3,1,1,1
1,0,48,4,6,6110,50,2.5,1,3,1,3,4,31,1,3,1,3,1,2,1
1,0,24,2,0,3757,50,-8.5,4,2,2,4,4,62,3,3,1,3,1,2,1
1,-500,42,4,5,3394,50,-1.0,4,3,2,4,3,65,3,2,2,1,1,1,1
1,0,36,4,9,6304,-1,-8.5,4,3,1,4,1,36,3,2,2,3,1,1,1
1,0,9,4,6,1244,-1,-8.5,4,2,1,4,2,41,3,1,2,2,1,1,1
1,0,6,2,0,3518,50,2.5,2,3,3,3,2,26,3,1,1,3,1,1,1
1,0,36,0,5,2613,50,2.5,4,3,1,2,3,27,3,2,2,3,1,1,1
1,-500,48,2,6,7476,50,5.5,4,3,1,1,4,50,3,3,1,4,1,2,1
0,0,24,2,9,4591,750,2.5,2,3,1,3,2,54,3,2,3,4,1,2,1
0,100,18,2,2,1924,-1,0.5,4,2,1,3,1,27,3,1,1,3,1,1,1
0,100,72,2,3,5595,300,2.5,2,4,1,2,3,24,3,2,1,3,1,1,1
0,100,48,3,6,6224,50,-8.5,4,3,1,4,4,50,3,3,1,3,1,1,1
1,500,15,2,6,1905,50,-8.5,4,3,1,4,3,40,3,1,1,4,1,2,1
1,0,21,3,1,2993,50,2.5,3,3,1,2,1,28,2,2,2,2,1,1,1
1,0,36,3,1,8947,-1,5.5,3,3,1,2,3,31,2,2,1,4,2,2,1
1,-500,24,2,2,4020,50,2.5,2,3,1,2,3,27,2,2,1,3,1,1,1
1,100,18,2,1,2779,50,2.5,1,4,1,3,3,21,3,1,1,3,1,2,1
1,0,21,2,0,2782,200,5.5,1,2,1,2,3,31,1,2,1,4,1,1,1
1,0,12,2,0,1884,50,-8.5,4,3,1,4,3,39,3,2,1,4,1,2,1
1,0,36,4,1,11054,-1,2.5,4,3,1,2,3,30,3,2,1,4,1,2,1
1,100,60,3,3,9157,-1,2.5,2,3,1,2,4,27,3,3,1,4,1,1,1
1,100,42,1,1,9283,50,-1.0,1,3,1,2,4,55,1,3,1,4,1,2,1
1,0,60,2,0,6527,-1,2.5,4,3,1,4,4,34,3,3,1,3,2,2,1
1,0,15,4,1,3368,750,-8.5,3,3,1,4,4,23,3,1,2,3,1,2,1
1,-500,15,2,0,2511,50,-1.0,1,2,1,4,3,23,3,1,1,3,1,1,1
1,-500,36,2,1,5493,50,-8.5,2,3,1,4,4,42,3,3,1,3,2,1,1
1,0,6,2,4,1338,200,2.5,1,1,1,4,1,62,3,2,1,3,1,1,1
1,100,9,2,3,1082,50,-8.5,4,3,1,4,3,37,3,2,2,2,1,1,1
1,0,18,4,3,1149,750,2.5,4,3,1,3,1,46,3,2,2,3,1,1,1
1,100,15,2,5,1308,50,-8.5,4,3,1,4,3,38,3,2,2,2,1,1,1
1,100,20,0,1,6148,300,-8.5,3,4,1,4,3,31,1,2,2,3,1,2,1
1,0,12,2,2,1736,50,5.5,3,2,1,4,1,31,3,2,1,2,1,1,1
1,0,12,2,3,3059,750,5.5,2,1,1,4,1,61,3,2,1,2,1,1,1
0,-500,24,2,2,2996,-1,2.5,2,4,1,4,3,20,3,2,1,3,1,1,1
1,0,30,4,1,7596,-1,-8.5,1,3,1,4,3,63,3,2,2,3,1,1,1
1,0,30,2,1,4811,-1,5.5,2,2,1,4,2,24,2,1,1,2,1,1,1
1,0,6,2,2,1766,50,2.5,1,4,1,2,2,21,3,1,1,3,1,1,1
1,100,24,2,1,2760,-1,-8.5,4,3,1,4,4,36,1,3,1,3,1,2,1
1,0,24,4,5,5507,50,-8.5,3,3,1,4,4,44,3,3,2,3,1,1,1
1,100,9,2,6,1199,50,5.5,4,2,1,4,2,67,3,2,2,4,1,2,1
1,500,24,2,2,2892,50,-8.5,3,1,1,4,4,51,3,3,1,3,1,1,1
1,100,36,3,0,2862,300,-8.5,4,3,1,3,4,30,3,3,1,3,1,1,1
0,-500,9,2,0,654,50,2.5,4,3,1,3,3,28,3,2,1,2,1,1,1
0,100,9,4,6,1136,750,-8.5,4,3,1,3,4,32,3,3,2,3,2,1,1
0,100,24,2,1,4113,200,0.5,3,2,1,4,3,28,3,1,1,3,1,1,1
0,100,6,2,0,14555,-1,-1.0,1,3,1,2,2,23,3,2,1,1,1,2,1
0,-500,15,0,0,950,50,-8.5,4,3,1,3,3,33,3,1,2,3,2,1,1
0,-500,24,4,0,1199,50,-8.5,4,3,1,4,3,60,3,2,2,2,1,1,1
0,-500,12,0,0,1082,50,2.5,4,3,1,4,3,48,1,2,2,3,1,1,1
0,100,30,2,0,2150,50,2.5,4,2,3,2,4,24,1,2,1,3,1,1,1
0,100,36,4,0,2820,50,0.5,4,1,1,4,3,27,3,2,2,3,1,1,1
0,100,48,2,3,3060,50,5.5,4,3,1,4,1,28,3,2,2,3,1,1,1
0,-500,18,2,3,2600,50,2.5,4,3,1,4,4,65,3,3,2,3,1,1,1
0,0,21,0,0,5003,-1,2.5,1,2,1,4,2,29,1,2,2,3,1,2,1
0,100,60,2,6,6288,50,2.5,4,3,1,4,4,42,3,3,1,3,1,1,1
0,0,24,3,0,2538,50,-8.5,4,3,1,4,3,47,3,2,2,2,2,1,1
0,0,9,2,3,1478,50,5.5,4,3,1,2,3,22,3,2,1,3,1,1,1
0,100,39,4,3,4933,50,5.5,2,3,3,2,1,25,3,2,2,3,1,1,1
0,0,18,4,0,1530,50,2.5,3,3,1,2,2,32,1,2,2,3,1,1,1
0,100,9,1,0,1437,300,5.5,2,3,1,3,4,29,3,2,1,3,1,1,1
0,-500,15,2,4,1275,-1,2.5,4,2,1,2,3,24,3,1,1,3,1,1,1
0,-500,24,2,3,1823,50,-1.0,4,3,1,2,3,30,2,2,1,4,2,1,1
0,-500,9,2,0,1422,50,0.5,3,3,1,2,4,27,3,3,1,4,1,2,1
0,-500,18,2,4,1217,50,2.5,4,4,1,3,1,47,3,2,1,2,1,2,1
0,-500,36,2,0,9271,50,5.5,2,3,1,1,3,24,3,2,1,3,1,2,1
0,-500,36,3,9,2145,50,5.5,2,3,1,1,3,24,3,2,2,3,1,2,1
0,-500,36,2,0,1842,50,0.5,4,2,1,4,3,34,3,2,1,3,1,2,1
0,100,18,3,2,4297,50,-8.5,4,1,1,3,4,40,3,2,1,4,1,2,1
0,-500,6,4,2,3384,50,2.5,1,1,1,4,1,44,3,1,1,4,1,2,1
0,100,18,4,3,1245,50,2.5,4,4,1,2,3,33,3,2,1,3,1,1,1
0,0,15,2,6,4623,300,2.5,3,3,1,2,2,40,3,2,1,4,1,2,1
0,100,30,4,2,8386,50,5.5,2,3,1,2,2,49,3,2,1,3,1,1,1
0,-500,24,3,3,1024,50,0.5,4,4,1,4,1,48,2,2,1,3,1,1,1
0,100,36,2,0,14318,50,-8.5,4,3,1,2,4,57,3,3,1,4,1,2,1
0,100,6,1,6,433,750,0.5,4,2,1,2,2,24,1,1,1,3,2,1,1
0,-500,12,1,3,2149,50,2.5,4,1,1,1,4,29,3,3,1,3,1,1,1
0,0,24,2,3,2397,200,-8.5,3,3,1,2,3,35,1,2,2,3,1,2,1
0,100,6,1,0,931,300,0.5,1,2,1,1,2,32,2,2,1,2,1,1,1
0,100,15,3,5,1512,750,2.5,3,4,1,3,2,61,2,2,2,3,1,1,1
0,100,24,0,9,4241,50,2.5,1,3,1,4,1,36,3,2,3,2,1,2,1
0,100,24,4,2,4736,50,0.5,2,2,1,4,3,25,1,2,1,2,1,1,1
0,100,15,0,0,1778,50,0.5,2,2,1,1,1,26,3,1,2,1,1,1,1
0,500,15,2,3,2327,50,0.5,2,2,1,3,1,25,3,2,1,2,1,1,1
0,-500,24,1,2,6872,50,0.5,2,1,1,1,2,55,1,2,1,3,1,2,1
0,-500,12,2,6,795,50,0.5,4,2,1,4,2,53,3,2,1,3,1,1,1
0,500,30,3,9,1908,50,-8.5,4,3,1,4,1,66,3,2,1,4,1,2,1
0,100,36,0,9,1953,50,-8.5,4,3,1,4,4,61,3,3,1,4,1,2,1
0,500,18,2,2,2864,50,2.5,2,3,1,1,1,34,3,2,1,2,2,1,1
0,500,21,4,6,2319,50,0.5,2,1,1,1,3,33,3,1,1,3,1,1,1
0,-500,24,2,0,915,-1,-8.5,4,2,1,2,3,29,1,2,1,3,1,1,1
0,500,24,2,0,947,50,5.5,4,3,1,3,4,38,1,3,1,3,2,1,1
0,-500,24,2,0,1381,-1,2.5,4,2,1,2,2,35,3,2,1,3,1,1,1
0,-500,24,2,0,1285,-1,5.5,4,2,1,4,4,32,3,1,1,3,1,1,1
0,-500,24,2,0,1371,-1,2.5,4,2,1,4,1,25,3,1,1,3,1,1,1
0,100,18,2,0,1042,-1,2.5,4,2,1,2,2,33,3,2,1,3,1,1,1
0,-500,12,2,0,900,-1,2.5,4,4,1,2,3,23,3,2,1,3,1,1,1
0,-500,24,2,0,1207,50,0.5,4,2,1,4,2,24,3,1,1,3,1,1,1
0,100,18,0,0,2278,300,0.5,3,2,1,3,3,28,3,2,2,3,1,1,1
0,-500,60,3,9,6836,50,-8.5,3,3,1,4,4,63,3,2,2,3,1,2,1
0,-500,24,2,2,3345,50,-8.5,4,3,1,2,2,39,3,1,1,4,1,2,1
0,-500,6,1,6,1198,50,-8.5,4,2,1,4,4,35,3,3,1,3,1,1,1
0,100,48,2,9,15672,50,2.5,2,3,1,2,3,23,3,2,1,3,1,2,1
0,-500,60,2,9,7297,50,-8.5,4,3,2,4,4,36,3,1,1,3,1,1,1
0,0,18,2,5,1943,50,0.5,4,2,1,4,1,23,3,2,1,3,1,1,1
0,-500,18,2,3,3190,50,2.5,2,2,1,2,1,24,3,2,1,3,1,1,1
0,100,9,1,1,5129,50,-8.5,2,2,1,4,4,74,1,3,1,4,2,2,1
0,0,18,3,2,1808,50,5.5,4,2,1,1,1,22,3,2,1,3,1,1,1
0,500,10,2,0,1240,300,-8.5,1,2,1,4,4,48,3,3,1,2,2,1,1
0,-500,12,2,0,759,50,5.5,4,3,1,2,1,26,3,2,1,3,1,1,1
0,100,8,2,2,1237,50,2.5,3,2,1,4,1,24,3,2,1,3,1,1,1
0,0,9,2,2,1980,50,0.5,2,2,2,2,3,19,3,1,2,3,1,1,1
0,100,48,2,3,10961,750,5.5,1,3,2,2,4,27,1,2,2,3,1,2,1
0,-500,36,3,6,6887,50,2.5,4,3,1,3,2,29,2,2,1,3,1,2,1
0,-500,24,2,3,1938,50,0.5,4,1,1,3,2,32,3,2,1,3,1,1,1
0,-500,21,2,3,1835,50,2.5,3,2,1,2,1,25,3,2,2,3,1,2,1
0,-500,24,3,3,1659,50,0.5,4,2,1,2,3,29,3,1,1,2,1,2,1
0,100,6,3,0,1209,50,-1.0,4,3,1,4,2,47,3,2,1,4,1,2,1
0,100,48,0,9,3844,300,5.5,4,3,1,4,4,34,3,3,1,2,2,1,1
0,-500,12,4,0,4843,50,-8.5,3,3,2,4,2,43,3,1,2,3,1,2,1
0,100,12,2,5,639,50,2.5,4,3,1,2,3,30,3,2,1,3,1,1,1
0,100,48,2,3,5951,50,2.5,2,2,1,2,1,22,3,2,1,3,1,1,1
0,100,36,0,3,3804,50,2.5,4,2,1,1,3,42,3,2,1,3,1,2,1
0,0,36,3,3,4463,50,2.5,4,3,1,2,3,26,3,2,2,4,1,2,1
0,0,36,3,9,7980,-1,0.5,4,3,1,4,3,27,3,1,2,3,1,2,1
0,500,36,2,3,4210,50,2.5,4,3,1,2,3,26,3,2,1,3,1,1,1
0,0,6,2,2,4611,50,0.5,1,2,1,4,2,32,3,2,1,3,1,1,1
0,100,24,2,1,11560,50,2.5,1,2,1,4,3,23,3,1,2,4,1,1,1
0,0,18,0,9,4165,50,2.5,2,3,1,2,3,36,2,2,2,3,2,1,1
0,100,24,2,2,4057,50,5.5,3,1,1,3,3,43,3,2,1,3,1,2,1
0,0,18,1,0,6458,50,-8.5,2,3,1,4,4,39,1,2,2,4,2,2,1
0,0,12,2,0,1386,200,2.5,2,2,1,2,2,26,3,2,1,3,1,1,1
0,-500,36,2,6,1977,-1,-8.5,4,3,1,4,4,40,3,2,1,4,1,2,1
0,100,18,4,2,1928,50,0.5,2,3,1,2,1,31,3,2,2,2,1,1,1
0,0,12,2,2,1123,200,2.5,4,2,1,4,3,29,3,1,1,2,1,1,1
0,100,24,2,10,11328,50,2.5,2,3,2,3,3,29,1,2,2,4,1,2,1
0,100,24,4,10,11938,50,2.5,2,3,2,3,3,39,3,2,2,4,2,2,1
0,100,27,4,3,2520,200,2.5,4,3,1,2,2,23,3,2,2,2,1,1,1
0,100,30,3,3,1919,300,0.5,4,3,1,3,4,30,2,2,2,4,1,1,1
0,100,60,1,10,14782,300,-8.5,3,2,1,4,4,60,1,3,2,4,1,2,1
0,100,36,2,3,2671,300,2.5,4,2,2,4,4,50,3,3,1,3,1,1,1
0,100,36,2,6,12612,300,2.5,1,3,1,4,4,47,3,3,1,3,2,2,1
0,100,45,2,3,3031,300,2.5,4,3,3,4,2,21,3,1,1,3,1,1,1
0,-500,12,1,3,626,50,2.5,4,2,1,4,1,24,1,2,1,2,1,1,1
0,100,24,4,9,1935,50,-8.5,4,1,1,4,1,31,3,2,2,3,1,2,1
0,500,24,4,0,1344,-1,5.5,4,3,1,2,1,37,1,2,2,2,2,1,1
0,0,18,2,2,1533,50,0.5,4,4,2,1,2,43,3,2,1,2,2,1,1
0,-500,48,2,0,3931,50,5.5,4,3,1,4,4,46,3,3,1,3,2,1,1
0,-500,24,1,2,3349,200,0.5,4,3,1,4,4,30,3,3,1,3,2,2,1
0,-500,36,2,3,2302,50,2.5,4,1,1,4,3,31,3,1,1,3,1,1,1
0,-500,42,2,3,3965,50,0.5,4,3,1,3,3,34,3,2,1,3,1,1,1
0,-500,12,2,3,727,300,0.5,4,4,1,3,4,33,3,2,1,2,1,2,1
0,0,48,2,9,3914,-1,2.5,4,1,1,2,1,38,1,2,1,3,1,1,1
0,-500,48,2,9,4308,50,0.5,3,2,1,4,2,24,3,1,1,3,1,1,1
0,100,12,2,3,1534,50,0.5,1,4,1,1,1,23,3,1,1,3,1,1,1
0,0,18,4,0,2775,50,5.5,2,3,1,2,2,31,1,2,2,3,1,1,1
0,-500,40,4,6,5998,50,2.5,4,3,1,3,4,27,1,2,1,3,1,2,1
0,500,15,4,3,1271,-1,2.5,3,3,1,4,4,39,3,3,2,3,1,2,1
0,100,12,2,0,1295,50,0.5,3,2,1,1,3,25,3,1,1,3,1,1,1
0,100,36,2,1,9398,50,0.5,1,4,1,4,3,28,3,1,1,4,1,2,1
0,100,12,2,2,951,300,0.5,4,2,1,4,3,27,1,1,4,3,1,1,1
0,100,24,2,0,1355,50,0.5,3,2,1,4,3,25,3,2,1,2,1,2,1
0,-500,48,2,4,3051,50,2.5,3,3,1,4,3,54,3,2,1,3,1,1,1
0,0,36,4,0,7855,50,2.5,4,2,1,2,1,25,2,2,2,3,1,2,1
0,0,18,2,3,433,50,-1.0,3,2,2,4,1,22,3,1,1,3,1,1,1
0,0,36,3,9,9572,50,0.5,1,1,1,1,3,28,3,2,2,3,1,1,1
0,100,24,1,6,1837,50,5.5,4,2,1,4,4,34,1,3,1,2,1,1,1
0,100,30,4,0,4249,50,-1.0,4,4,1,2,3,28,3,2,2,4,1,1,1
0,100,30,4,0,5234,50,-1.0,4,4,1,2,3,28,3,2,2,4,1,1,1
0,-500,48,2,3,6758,50,2.5,3,2,1,2,3,31,3,2,1,3,1,2,1
0,-500,9,2,3,1366,50,0.5,3,2,1,4,2,22,3,1,1,3,1,1,1
0,-500,24,1,10,1358,-1,-8.5,4,3,1,3,3,40,2,2,1,4,1,2,1
0,-500,18,2,2,2473,50,-1.0,4,3,1,1,3,25,3,2,1,1,1,1,1
0,500,9,0,3,1337,50,0.5,4,3,1,2,3,34,3,2,2,4,1,2,1
0,-500,48,2,0,7763,50,-8.5,4,3,1,4,4,42,1,3,1,4,1,1,1
0,100,15,1,0,1264,300,2.5,2,4,1,2,2,25,3,1,1,3,1,1,1
0,100,15,2,0,2631,300,2.5,2,2,1,4,3,28,3,1,2,3,1,2,1
0,100,48,2,0,6560,300,5.5,3,3,1,2,2,24,3,2,1,3,1,1,1
0,-500,24,2,0,3123,50,0.5,4,2,1,1,2,27,3,2,1,3,1,1,1
0,-500,36,4,6,8065,50,2.5,3,2,1,2,4,25,3,2,2,4,1,2,1
0,-500,24,2,3,2439,50,0.5,4,2,1,4,1,35,3,2,1,3,1,2,1
0,100,36,2,2,9034,300,0.5,4,3,2,1,4,29,3,1,1,4,1,2,1
0,100,60,2,0,14027,50,5.5,4,3,1,2,4,27,3,2,1,4,1,2,1
0,-500,36,4,1,9629,50,5.5,4,3,1,4,3,24,3,2,2,3,1,2,1
0,100,12,2,3,1484,-1,2.5,2,4,1,1,1,25,3,2,1,3,1,2,1
0,-500,18,2,2,1131,50,-1.0,4,2,1,2,3,33,3,2,1,3,1,1,1
0,100,24,3,2,2064,50,-1.0,3,2,1,2,2,34,3,2,1,4,1,2,1
0,100,18,2,1,12976,50,-1.0,3,2,1,4,4,38,3,3,1,4,1,2,1
0,0,21,3,9,2580,200,0.5,4,3,1,2,1,41,1,2,1,2,2,1,1
0,0,27,2,0,2570,50,2.5,3,2,1,3,1,21,3,1,1,3,1,1,1
0,100,27,2,9,3915,50,2.5,4,3,1,2,3,36,3,2,1,3,2,2,1
0,0,10,2,0,1309,-1,2.5,4,3,3,4,2,27,3,2,1,2,1,1,1
0,-500,24,2,0,4817,50,5.5,2,3,2,3,2,31,3,2,1,3,1,2,1
0,-500,12,2,0,2579,50,0.5,4,3,1,1,1,33,3,2,1,2,2,1,1
0,100,36,3,0,2225,50,-8.5,4,3,1,4,4,57,1,3,2,3,1,2,1
0,-500,18,2,2,4153,50,2.5,2,3,2,3,3,42,3,2,1,3,1,1,1
0,-500,18,0,2,3114,50,0.5,1,2,1,4,2,26,3,1,1,3,1,1,1
0,-500,18,4,2,2124,50,2.5,4,2,1,4,1,24,3,1,2,3,1,1,1
0,-500,18,1,2,1553,50,2.5,4,3,1,3,3,44,1,2,1,3,1,1,1
0,-500,30,2,2,2406,50,5.5,4,2,1,4,1,23,3,1,1,3,1,1,1
0,-500,24,3,0,1333,50,-1.0,4,3,1,2,1,43,3,3,2,3,2,1,1
0,-500,48,0,2,7119,50,2.5,3,3,1,4,4,53,3,3,2,3,2,1,1
0,-500,24,3,0,4870,50,2.5,3,3,1,4,4,53,3,3,2,3,2,1,1
0,-500,12,4,0,691,50,-8.5,4,3,1,3,2,35,3,2,2,3,1,1,1
0,-500,42,3,3,4370,50,5.5,3,3,1,2,2,26,1,2,2,3,2,2,1
0,-500,36,1,2,2746,50,-8.5,4,3,1,4,3,31,1,2,1,3,1,1,1
0,-500,24,0,2,4110,50,-8.5,3,3,1,4,4,23,1,1,2,3,2,1,1
0,-500,18,2,2,2462,50,2.5,2,3,1,2,3,22,3,2,1,3,1,1,1
0,-500,12,2,2,1282,50,2.5,2,2,1,4,3,20,3,1,1,3,1,1,1
0,100,12,0,2,2969,50,0.5,4,2,1,3,2,25,3,1,2,3,1,1,1
0,-500,48,0,1,4605,50,-8.5,3,3,1,4,4,24,3,3,2,3,2,1,1
0,-500,48,4,1,6331,50,-8.5,4,3,1,4,4,46,3,3,2,3,1,2,1
0,-500,24,1,2,3552,50,5.5,3,3,1,4,3,27,1,2,1,3,1,1,1
0,-500,12,1,0,697,50,0.5,4,3,1,2,3,46,1,2,2,3,1,2,1
0,-500,24,2,0,1442,50,5.5,4,2,1,4,3,23,3,1,2,3,1,1,1
0,-500,27,0,9,5293,50,-1.0,2,3,1,4,2,50,3,2,2,3,1,2,1
0,-500,21,3,6,3414,50,0.5,2,3,1,1,2,26,2,2,2,3,1,1,1
0,-500,18,2,2,2039,50,2.5,1,2,1,4,1,20,3,1,1,3,1,1,1
0,-500,24,1,9,3161,50,2.5,4,3,1,2,2,31,1,1,1,3,1,2,1
0,-500,12,2,8,902,50,5.5,4,4,1,4,2,21,3,1,1,3,1,1,1
0,-500,48,2,1,10297,50,5.5,4,3,1,4,4,39,3,3,3,3,2,2,1
0,100,48,0,9,14421,50,2.5,2,3,1,2,3,25,2,2,1,3,1,2,1
0,100,18,4,0,1056,50,-8.5,3,3,3,3,1,30,3,2,2,3,1,1,1
0,-500,12,2,0,1274,50,0.5,3,2,1,1,1,37,1,2,1,2,1,1,1
0,100,12,2,0,1223,50,-8.5,1,1,1,1,1,46,3,1,2,3,1,1,1
0,-500,12,2,0,1372,50,5.5,2,1,1,3,3,36,3,2,1,3,1,1,1
0,-500,16,4,0,2625,50,-8.5,2,3,3,4,2,43,3,1,1,3,1,2,2
0,-500,20,4,0,2235,50,2.5,4,4,3,2,2,33,1,1,2,3,1,1,2
0,100,9,2,2,959,50,2.5,1,2,1,2,3,29,1,2,1,3,1,1,1
0,100,18,4,0,884,50,-8.5,4,3,1,4,3,36,3,2,1,3,2,2,1
0,100,24,2,0,1246,50,0.5,4,3,1,2,1,23,1,2,1,2,1,1,1
0,100,36,3,0,8086,300,-8.5,2,3,1,4,3,42,2,2,4,4,1,2,1
0,0,48,4,0,10127,200,2.5,2,3,1,2,4,44,3,3,1,3,1,1,1
0,100,12,2,0,888,50,-8.5,4,3,1,4,3,41,1,2,1,2,2,1,1
0,0,12,2,6,719,50,-8.5,4,3,1,4,3,41,1,2,1,2,2,1,1
0,100,36,2,0,12389,-1,2.5,1,3,1,4,4,37,1,3,1,3,1,2,1
0,-500,12,2,3,709,50,-8.5,4,3,1,4,1,57,3,2,1,2,1,1,1
0,100,15,1,0,6850,300,-1.0,1,3,1,2,2,34,2,2,1,4,2,2,1
0,0,10,2,2,2210,50,2.5,2,3,1,2,1,25,3,1,1,2,1,1,1
0,0,30,1,1,7485,-1,-1.0,4,2,1,1,1,53,1,2,1,4,1,2,1
0,-500,18,1,0,1442,50,5.5,4,3,1,4,4,32,1,3,2,2,2,1,1
0,0,12,4,3,797,-1,-8.5,4,2,1,3,2,33,3,2,1,2,2,1,1
0,100,45,4,3,4746,50,0.5,4,3,1,2,2,24,1,2,2,2,1,1,1
0,500,12,4,0,939,200,5.5,4,4,1,2,1,28,3,2,3,3,1,2,1
0,100,21,2,9,1188,50,-8.5,2,2,1,4,2,39,3,2,1,3,2,1,1
0,0,48,4,1,11590,300,2.5,2,2,1,4,3,24,3,1,2,2,1,1,1
0,500,12,1,9,609,50,0.5,4,2,1,1,1,26,1,2,1,1,1,1,1
0,-500,18,4,5,1190,50,-1.0,2,2,1,4,4,55,3,3,3,1,2,1,1
0,100,21,2,9,2767,300,-8.5,4,1,1,2,3,61,3,1,2,2,1,1,1
0,100,30,2,2,3441,300,2.5,2,2,2,4,3,21,1,1,1,3,1,1,1
0,100,30,0,9,4280,300,2.5,4,2,1,4,3,26,3,1,2,2,1,1,1
0,100,24,2,3,3092,300,0.5,3,4,1,2,3,22,3,1,1,3,1,2,1
0,0,18,2,0,6761,-1,2.5,2,3,1,4,3,68,2,1,2,3,1,1,1
0,100,12,2,3,1331,50,0.5,2,3,1,1,3,22,3,2,1,3,1,1,1
0,100,54,0,9,15945,50,0.5,3,3,1,4,4,58,3,1,1,3,1,2,1
0,-500,24,2,2,3234,50,0.5,4,2,1,4,1,23,3,1,1,2,1,2,1
0,100,15,2,3,802,50,-8.5,4,3,1,3,3,37,3,2,1,3,2,1,1
0,100,48,2,2,9960,50,0.5,1,2,1,2,3,26,1,2,1,3,1,2,1
0,0,24,3,9,8648,50,0.5,2,3,1,2,3,27,1,2,2,3,1,2,1
0,-500,18,2,3,1345,50,2.5,4,4,1,3,1,26,3,2,1,3,1,1,1
0,-500,45,2,3,1845,50,2.5,4,3,1,4,4,23,3,3,1,3,1,2,1
0,-500,21,1,0,1647,-1,2.5,4,3,1,2,2,40,1,2,2,2,2,1,1
0,0,48,2,9,4844,50,-1.0,3,3,1,2,3,33,3,1,1,4,1,2,1
0,100,27,0,9,8318,50,-8.5,2,2,1,4,4,42,2,3,2,4,1,2,1
0,500,18,2,3,2100,50,2.5,4,3,2,2,1,37,3,2,1,3,1,1,1
0,-500,45,0,9,11816,50,-8.5,2,3,1,4,3,29,3,1,2,3,1,1,1
0,-500,6,2,6,448,50,0.5,4,2,1,4,2,23,3,2,1,3,1,1,1
0,-500,30,2,5,11998,50,0.5,1,1,1,1,4,34,1,2,1,2,1,2,1
0,100,48,0,10,18424,50,2.5,1,2,1,2,2,32,1,2,1,4,1,2,2
0,-500,6,2,0,14896,50,-8.5,1,3,1,4,4,68,1,2,1,4,1,2,1
0,100,12,2,2,2762,-1,-8.5,1,2,1,2,2,25,3,2,1,3,1,2,1
0,-500,12,2,1,3386,50,-8.5,3,3,1,4,4,35,3,3,1,3,1,2,1
0,100,24,2,3,2039,50,0.5,1,4,1,1,2,22,3,2,1,3,1,2,1
0,0,18,3,9,2169,50,2.5,4,4,1,2,3,28,3,2,1,3,1,2,1
0,100,48,4,2,5096,50,2.5,2,2,1,3,3,30,3,2,1,4,1,2,1
0,-500,18,2,3,1882,50,2.5,4,2,1,4,3,25,1,1,2,3,1,1,1
0,-500,48,2,3,6999,50,5.5,1,4,3,1,1,34,3,2,2,3,1,2,1
0,0,12,4,9,2292,50,-1.0,4,3,1,2,3,42,2,2,2,4,1,2,1
0,-500,14,2,0,8978,50,-8.5,1,1,1,4,2,45,3,2,1,4,1,2,2
0,-500,12,2,3,674,300,5.5,4,4,1,1,2,20,3,2,1,3,1,1,1
0,-500,18,2,0,976,50,0.5,1,2,1,2,3,23,3,2,1,2,1,1,1
0,100,24,2,0,2718,50,2.5,3,2,1,4,2,20,3,1,1,2,1,2,1
0,-500,18,2,6,750,50,-1.0,4,2,1,1,1,27,3,2,1,1,1,1,1
0,100,24,2,1,12579,50,-8.5,4,2,1,2,4,44,3,3,1,4,1,2,1
0,-500,18,2,1,7511,-1,-8.5,1,3,1,4,2,51,3,3,1,3,2,2,1
0,-500,18,4,0,3966,50,-8.5,1,2,1,4,1,33,1,1,3,3,1,2,1
0,-500,12,0,3,6199,50,2.5,4,3,1,2,2,28,3,1,2,3,1,2,1
0,-500,24,2,3,1987,50,2.5,2,3,1,4,1,21,3,1,1,2,2,1,1
0,-500,24,2,0,2303,50,-8.5,4,3,2,1,1,45,3,2,1,3,1,1,1
0,0,21,4,0,12680,-1,-8.5,4,3,1,4,4,30,3,3,1,4,1,2,1
0,100,12,2,3,6468,-1,-1.0,2,3,1,1,4,52,3,2,1,4,1,2,1
0,-500,30,2,2,6350,-1,-8.5,4,3,1,4,2,31,3,2,1,3,1,1,1
